Country Name,Country Code,1990,1991,1992,1993,1994,1995,1996,1997,1998,1999,2000,2001,2002,2003,2004,2005,2006,2007,2008,2009,2010,2011,2012,2013,2014,2015,2016,2017,2018,2019,2020,2021
Aruba,ABW,30823.4825,32222.65817,32986.54188,34336.55396,35984.82942,35780.72283,35125.92711,36479.94184,36105.26018,35495.24857,37241.0305,38123.34238,37309.78795,37353.55868,39713.84667,39166.13379,39146.90934,39866.7156,40096.78145,34978.00914,33639.39618,34446.85689,33815.10934,35720.69811,35467.23576,36490.52446,37043.69815,38865.1882,40706.74951,40780.51657,33155.24309,38866.33328
Africa Eastern and Southern,AFE,3036.33272,2954.698144,2823.057859,2737.031148,2714.501984,2763.565251,2837.699058,2885.496976,2867.097462,2872.697273,2896.170594,2927.090133,2964.981839,2984.885215,3074.455911,3184.171207,3309.18226,3439.42084,3500.345632,3429.780047,3513.493485,3558.462483,3543.82903,3593.39702,3643.014398,3658.718776,3654.773597,3659.361146,3661.769172,3648.708762,3455.516252,3517.766966
Afghanistan,AFG,,,,,,,,,,,,,1280.463171,1292.333437,1260.060581,1352.320627,1366.993146,1528.344578,1556.844452,1823.742614,2026.163818,1961.096317,2122.830759,2165.340915,2144.449634,2108.714173,2101.422187,2096.093111,2060.698973,2079.921861,1968.341002,1516.305667
Africa Western and Central,AFW,2784.035243,2746.636946,2739.716114,2640.657953,2571.005965,2557.357361,2607.641636,2649.475544,2671.493332,2644.524414,2666.631785,2729.48729,2903.451454,2978.439433,3123.990106,3213.464535,3292.661836,3375.241593,3487.092369,3594.93373,3732.626445,3807.251965,3897.075331,4021.244799,4141.765663,4143.120964,4050.295948,4045.303263,4063.464359,4092.028643,3957.755694,4013.718352
Angola,AGO,5768.564612,5635.166453,5136.550379,3783.114367,3713.103256,4131.882725,4537.859119,4708.279298,4770.142609,4719.449116,4708.360977,4747.827745,5219.633976,5195.30731,5565.58084,6178.327112,6648.758481,7309.319864,7832.889809,7613.781167,7691.131265,7664.439975,8012.100845,8100.385154,8183.678371,7967.103871,7488.138837,7216.061373,6878.593482,6602.423657,6032.274914,5908.570045
Albania,ALB,4827.905432,3497.005391,3265.414418,3599.464659,3922.32806,4472.4148,4909.825012,4401.112889,4819.944112,5475.845438,5893.653674,6442.611983,6755.109288,7155.296252,7581.506453,8041.543352,8570.107803,9151.78064,9913.950854,10315.77715,10751.42106,11054.78773,11229.99205,11363.31837,11588.92434,11880.59753,12294.07716,12773.2684,13319.49495,13655.66485,13256.12454,14518.90655
Andorra,AND,,,,,,,,,,,,,,,,,,,,,,,,,,,,,,,,
Arab World,ARB,9530.502752,9569.215438,9789.405444,9783.746917,9796.244688,9821.027905,10031.42322,10230.81142,10516.82467,10481.4753,10902.05226,10844.39089,10667.57809,10952.03785,11631.3972,11988.08064,12365.76486,12589.30539,12940.6772,12668.38131,12935.19657,13064.69884,13520.22932,13563.2601,13673.8568,13923.92867,14134.9327,14052.54691,14125.79136,14042.27123,13192.85214,13469.76057
United Arab Emirates,ARE,105893.6261,101048.6962,99106.79164,95524.45692,97475.98085,99510.35068,99602.61742,100956.7065,95185.30582,92368.81326,96835.88883,93106.20213,90661.72515,93989.95985,98342.23663,96188.12801,92323.56278,79468.99547,68909.61026,57094.78615,54664.61174,57815.17026,59949.24458,62354.8232,64334.09155,68076.63589,71244.58581,71182.37071,71550.55433,71782.15384,67668.28664,69733.79378
Argentina,ARG,14136.5254,15209.48763,16190.51071,17282.96499,18046.89292,17303.92385,18031.54819,19261.89862,19773.17637,18884.94311,18524.80961,17514.5041,15439.74463,16631.57398,17950.15128,19338.14619,20679.2431,22316.25553,22992.39018,21413.28312,23521.27018,24647.62927,24118.86752,24424.13645,23550.09906,23933.88661,23189.52745,23597.11775,22747.24166,22071.7481,19685.21587,21527.19614
Armenia,ARM,5153.298211,4473.519088,2634.963124,2484.552329,2683.637533,2912.781057,3105.952781,3236.060508,3505.368402,3660.03412,3921.857522,4346.907506,4965.224359,5698.778477,6334.856153,7259.203892,8273.7857,9476.471494,10201.55945,8819.677459,9068.787651,9551.158131,10289.97563,10677.30365,11105.5325,11506.03899,11580.38364,12509.63961,13231.43107,14317.55287,13357.69706,14193.11683
American Samoa,ASM,,,,,,,,,,,,,,,,,,,,,,,,,,,,,,,,
Antigua and Barbuda,ATG,15264.62961,15521.8748,15452.78245,15978.30868,16730.51828,15690.93017,16391.71851,16943.8954,17414.44798,17754.54468,18545.92,17433.01783,17388.54379,18237.26684,19077.41053,20076.43902,22340.79211,24088.12208,23727.37991,20571.90697,18702.09038,18117.18604,18526.39075,18243.81449,18779.48071,19345.01754,20267.91747,20777.87403,22085.26249,23035.65798,18275.68968,19124.43016
Australia,AUS,31006.10023,30496.12645,30285.85382,31232.58548,32164.65884,33044.8445,33905.26294,34852.75174,36099.02291,37475.97876,38494.88668,38779.6,39872.14753,40642.56228,41905.84966,42704.44247,43286.72354,44109.66937,44777.27372,44684.40149,44965.39336,45405.36537,46360.60712,46744.62388,47240.27446,47567.68066,48109.20272,48400.24579,49052.81795,49379.09333,48747.85171,49774.3407
Austria,AUT,37494.56041,38399.67402,38774.49026,38658.64978,39435.21002,40425.39372,41319.375,42136.66228,43597.89007,45060.61875,46469.86106,46878.91624,47419.27841,47633.114,48633.27182,49387.02786,50840.69446,52565.07397,53166.0542,51030.72468,51843.42833,53179.14746,53297.44479,52997.75382,52932.90011,52873.85865,53345.74153,54172.98679,55217.28653,55806.43825,51988.41583,54121.14554
Azerbaijan,AZE,7616.910275,7463.62886,5690.180918,4309.921462,3414.511205,2976.995221,2985.337175,3128.164135,3408.475381,3628.716883,3998.520483,4360.459441,4736.564376,5180.686458,5610.763137,7106.597907,9453.94186,11684.19154,12672.37622,13565.85509,14082.23815,13913.83669,14027.46879,14651.69397,14867.94373,14852.61171,14232.19262,14121.40694,14209.59317,14442.04087,13726.76966,14431.66105
Burundi,BDI,1175.155086,1209.388158,1190.067435,1153.541309,1103.167298,956.4909761,880.3094121,867.284265,891.6998437,862.0066804,837.3484115,833.6708787,846.7472952,810.5523352,818.7460633,796.1087131,809.6960107,807.4474806,812.5921698,801.8034274,804.3549408,807.6649576,814.3207708,824.6105226,831.2948386,781.5792873,764.3366022,750.7876163,740.4482225,729.6584626,711.3552634,705.0304094
Belgium,BEL,35506.92651,36023.68428,36426.99315,35935.95739,36981.44895,37784.14989,38208.71867,39562.37298,40252.46891,41583.09739,43024.13991,43347.88921,43890.59811,44160.91143,45540.46691,46342.18661,47212.57777,48590.40054,48423.51548,47064.79002,47972.55884,48154.87115,48210.92466,48204.5857,48748.62059,49456.39858,49829.92739,50442.27054,51113.48174,51977.18533,48978.93425,51739.53793
Benin,BEN,2109.559335,2132.396816,2129.201214,2155.366616,2118.278694,2200.593784,2237.526324,2297.994303,2317.481295,2367.761224,2431.445652,2485.116531,2523.609973,2532.998428,2566.345657,2528.676481,2549.194419,2625.212755,2673.769349,2656.431642,2634.134728,2633.93906,2681.351661,2792.0273,2883.899098,2849.820499,2859.391685,2933.837384,3040.16752,3156.438957,3186.478031,3321.552174
Burkina Faso,BFA,981.8447619,1044.17392,1021.144516,1030.559204,1018.122209,1049.083717,1135.25666,1176.383903,1228.122869,1280.92272,1266.744817,1310.072212,1325.70343,1385.455048,1402.784372,1477.039822,1521.154454,1536.385814,1578.345826,1578.148939,1661.872021,1720.082522,1776.390997,1823.594952,1846.645127,1862.854712,1916.756382,1978.155012,2051.218431,2110.062311,2093.733647,2179.789039
Bangladesh,BGD,1730.368945,1756.332624,1818.150765,1867.780938,1903.580832,1964.061126,2017.213527,2070.437446,2137.150043,2194.526476,2267.075348,2337.364583,2382.281471,2451.990232,2537.950714,2663.096257,2806.592691,2973.281325,3124.226797,3253.091337,3395.364787,3571.058647,3756.931933,3932.70833,4119.424639,4337.385902,4589.093532,4830.776083,5124.498755,5467.207948,5591.373989,5911.012996
Bulgaria,BGR,12509.96194,11567.45279,10842.02731,10767.08574,11000.12412,11365.3719,12018.80933,10385.34213,10851.02339,9995.846356,10506.13982,11127.17448,12039.07054,12770.3313,13704.7881,14782.73843,15908.71737,17092.56263,18268.04001,17770.70807,18163.87274,18664.83449,18914.98379,18914.52541,19206.26077,19991.81751,20744.52315,21473.80481,22210.12238,23270.22397,22483.59715,24398.13157
Bahrain,BHR,36997.7356,39769.31181,40971.7265,44690.41482,43113.48124,43369.15357,43737.18814,43716.02075,44458.43837,45053.74612,46154.02954,46084.92721,46478.20542,47504.55731,47455.23999,46821.02463,46303.48701,46792.17426,46588.6421,44972.74558,45600.06624,46564.71088,47793.53097,48915.52994,49117.98845,48453.72585,48486.30275,48929.44701,48937.66036,49768.97621,47847.83817,49387.41834
"Bahamas, The",BHS,36041.03822,33860.9857,31882.47117,31293.52666,31638.50844,32411.25718,33184.27654,34867.0113,32744.92447,36179.88708,37131.30308,37572.89375,38083.53317,37103.39686,36929.17371,37665.3877,38081.24648,38091.90531,36680.82694,34646.59074,34688.0934,34468.88625,35150.56293,33826.34151,34143.03062,34170.23232,33596.63622,34357.27066,34735.12552,35161.83047,26659.23803,30210.16126
Bosnia and Herzegovina,BIH,,,,,1730.288379,2096.766193,3802.593797,4933.543126,5609.887488,6092.245212,6826.658217,6966.117533,7310.274288,7619.566023,8181.499529,8601.170874,9147.743533,9804.852179,10507.67308,10364.50297,10637.08634,10934.08883,11047.18441,11484.35421,11768.10415,12292.54505,12837.59824,13402.43397,14066.84438,14634.73876,14358.98698,15666.53984
Belarus,BLR,8895.172703,8784.377365,7923.650356,7305.306909,6458.214559,5805.363156,5988.03971,6698.457879,7293.908216,7575.918326,8053.173638,8477.084011,8961.64112,9660.193688,10839.95627,11940.1866,13214.87158,14417.35353,15942.89768,16014.11553,17300.70368,18274.02072,18611.45421,18805.43087,19119.34615,18362.74559,17883.1265,18356.10077,18974.69981,19279.20925,19225.57383,19751.20391
Belize,BLZ,6396.500719,6981.00612,7663.648428,7979.022148,7823.965778,7675.217516,7521.864182,7530.272007,7554.925725,7954.444939,8702.082651,8857.370138,9023.401007,9566.060227,9710.014057,9631.591611,9781.776711,9815.054748,9397.151897,9101.549235,8988.865136,8776.863316,8912.105754,9109.572147,9276.317793,9387.914542,9208.113943,8873.754025,8798.538573,9028.551485,7703.118041,8762.622683
Bermuda,BMU,65961.40628,63958.89625,64385.40741,65967.85001,65904.72042,68313.38185,69643.40752,72403.88044,74677.09242,76772.32385,83181.52634,88231.78386,86364.15374,88727.31127,90195.81156,91114.07699,95615.3607,98257.9927,95855.80069,89961.98274,88399.91595,85829.37826,80982.36776,80503.65029,77361.10488,77842.7539,78149.35254,81834.95587,81423.40845,81681.72667,76117.80474,80271.1326
Bolivia,BOL,4437.866827,4575.706747,4556.993451,4657.030396,4779.839225,4909.178255,5028.444094,5181.4165,5343.957408,5270.027539,5305.619257,5300.314335,5337.765849,5387.58177,5515.655815,5660.574815,5829.371329,5989.689923,6248.933953,6349.007909,6499.818153,6724.300668,6952.738371,7305.227982,7581.598422,7825.766752,8034.172726,8244.933445,8466.293187,8528.748802,7679.933187,8052.177435
Brazil,BRA,10401.84244,10328.95712,10103.78794,10431.40966,10867.75092,11151.19164,11224.39946,11432.65057,11304.097,11196.83853,11529.48662,11536.36383,11739.43184,11733.4112,12268.66383,12520.85499,12877.44418,13518.84778,14067.94581,13916.96323,14824.74115,15271.46935,15425.35293,15751.48445,15695.6431,15011.57719,14402.49401,14477.86177,14619.59113,14685.12789,14021.95762,14592.35296
Barbados,BRB,14097.39555,13519.72141,12710.41933,12772.78719,12993.92352,13225.75439,13726.03232,14353.12012,14864.66606,14884.60184,15517.94083,15109.76335,15167.12679,15436.60241,15595.85299,16154.2612,17081.63284,17371.07252,17405.89355,16462.70674,16019.50743,15864.57232,15755.26697,15489.76118,15441.21976,15789.45122,16156.51756,16198.96216,16003.85743,15954.80266,13805.77754,13754.80242
Brunei Darussalam,BRN,70358.72409,70439.0532,71781.1029,70154.42473,70570.96451,71966.09741,72320.98798,69660.18601,67770.17249,68366.66318,68865.7873,69338.92072,70631.87368,71331.75273,70415.42415,69482.3838,71352.88579,70342.4093,67934.06408,65753.4057,66484.24154,68037.52298,67792.75463,65534.68316,63131.18625,62170.08702,59980.98875,60173.05113,59650.23153,61424.36431,61603.5508,60127.02369
Bhutan,BTN,2737.993053,2682.309375,2917.579509,3118.963228,3270.74874,3460.461192,3585.362962,3713.29472,3860.347202,4067.465158,4087.830672,4311.446837,4663.127628,4904.510978,5076.315362,5336.77622,5626.054704,6577.431768,6811.933149,7188.859193,7958.226861,8499.354296,8837.576373,8929.046204,9349.044387,9877.247283,10587.57038,10986.88814,11233.78054,11797.2842,10547.05151,10907.85671
Botswana,BWA,9164.872072,9569.460418,9570.548957,9476.660738,9550.830775,9956.808322,10280.62663,10880.85265,10689.21679,11474.06472,11462.07915,11262.8989,11725.55962,12054.87438,12166.46704,12494.21685,13287.22541,13783.37942,13945.5986,11729.56521,12653.37065,13250.25113,12975.94786,14144.51812,14665.27232,13682.70418,14373.51925,14656.77299,14962.08111,15117.995,13545.67363,14840.91333
Central African Republic,CAF,1200.61339,1157.381663,1049.119415,1019.441006,1036.283901,1080.770061,1010.743889,1035.107458,1054.312973,1062.298258,1007.247834,1028.791408,1042.708645,962.8648368,998.6890997,985.324816,1011.77751,1038.750133,1038.335286,1103.463766,1130.895708,1160.414741,1208.51577,764.0515002,765.259554,795.0370187,818.3959953,839.6000095,854.6474913,861.7667888,847.7650124,837.5046857
Canada,CAN,,,,,,,,36910.47786,38031.62476,39671.38465,41338.64702,41623.95034,42416.40875,42793.07925,43704.41391,44680.79649,45396.83966,45888.47633,45851.63025,44003.61704,44861.52396,45822.59643,46126.51389,46704.76224,47564.60911,47522.14067,47457.58535,48317.17458,48962.48151,49171.51109,46064.25396,47892.94713
Central Europe and the Baltics,CEB,13980.60316,12633.05941,12375.2349,12570.91817,13082.90858,13845.96888,14506.68611,14790.33053,15193.9385,15482.92352,16183.11226,16810.03324,17542.6568,18304.78523,19457.37038,20480.73091,21886.74239,23374.74359,24440.87539,23658.6561,24033.04973,24954.10649,25233.49287,25452.95107,26334.92159,27449.73281,28280.91187,29827.61917,31379.24119,32671.2438,31634.66013,33834.07633
Switzerland,CHE,56982.46097,55759.33819,55123.83838,54555.27878,54809.3353,54706.10151,54721.71498,55824.51249,57345.33111,58021.43597,59980.33091,60541.11681,60040.87741,59577.76221,60768.20457,62040.43957,64163.80504,66083.47189,67081.2998,64726.37128,66133.28839,66587.84885,66661.49275,67080.36736,67824.08309,68159.22211,68813.64039,69103.57026,70558.56302,70857.08908,68670.23942,71032.8412
Channel Islands,CHI,,,,,,,,,,,,,,,,,,,,,,,,,,,,,,,,
Chile,CHL,9701.823791,10290.03966,11256.20948,11812.64938,12221.5077,13122.94634,13825.1562,14652.77519,15074.58011,14855.35718,15415.75429,15725.60116,16053.65461,16636.65375,17571.0248,18415.75499,19339.48762,20140.52965,20695.56256,20255.09878,21225.10386,22323.72308,23467.97873,24011.59101,24197.18328,24464.74566,24599.37463,24546.91242,25071.99007,24816.61108,23017.68936,25449.13065
China,CHN,1423.896348,1534.705272,1731.657215,1949.534268,2178.924057,2391.477116,2601.363426,2812.711135,3004.427342,3206.730026,3451.679231,3712.338132,4024.355697,4400.825183,4817.211845,5334.646639,5979.781712,6795.174012,7412.874363,8069.354638,8884.588031,9680.0977,10370.72657,11101.93893,11851.40422,12612.35165,13399.13732,14243.53261,15133.99562,15977.76383,16296.7789,17602.69606
Cote d'Ivoire,CIV,4276.705715,4119.784354,3959.561663,3810.04363,3705.75044,3831.715603,3985.402268,4220.485326,4255.175425,4176.597139,4052.981938,3863.166758,3664.519428,3407.978833,3435.280275,3391.711816,3410.997912,3374.847623,3461.711746,3511.292506,3673.181282,3404.524602,3589.421714,3894.515489,4162.024358,4347.777713,4541.194908,4750.936451,4949.614719,5126.634115,5098.559833,5325.030482
Cameroon,CMR,3483.186862,3251.755036,3059.792361,2736.282614,2709.080045,2710.938075,2749.520034,2798.577358,2854.370093,2905.131157,2937.991873,2985.577906,3036.767702,3116.15282,3245.495893,3228.361161,3261.451655,3309.282295,3308.319908,3298.407452,3298.624579,3314.898234,3371.975533,3442.200627,3530.283191,3614.755716,3667.322675,3691.094724,3732.501248,3756.509562,3665.510581,3700.464289
"Congo, Dem. Rep.",COD,1750.169739,1550.763705,1346.747222,1128.593145,1034.123387,998.6883139,969.808663,900.9677964,865.606612,805.2778814,728.2071969,691.7091452,690.6596075,708.0287711,733.541897,754.6644433,769.8871446,792.1908849,815.011857,811.9273452,841.8562872,870.0738056,900.9789904,944.6402475,999.0721335,1032.571865,1021.327198,1023.539833,1048.246447,1059.892111,1044.071214,1073.643271
"Congo, Rep.",COG,5007.319245,4986.699205,4978.350838,4790.461157,4400.020297,4453.430838,4522.008454,4402.408095,4470.347075,4240.155997,4390.563057,4389.353712,4484.280585,4397.330559,4398.203778,4571.793117,4755.030215,4280.024669,4401.664532,4720.414675,4977.973115,4925.376903,5267.049617,5105.169838,5319.387249,5009.432267,4363.753925,4073.926085,3786.412,3695.061694,3384.654335,3234.392972
Colombia,COL,8434.959336,8430.222989,8598.992021,8885.186845,9220.501993,9518.260141,9538.272551,9691.028324,9578.656012,9023.621233,9138.318915,9146.404852,9232.627395,9453.328556,9816.277588,10150.70792,10692.72765,11272.57798,11507.52583,11507.71711,11890.20308,12578.01563,12934.96575,13465.07504,13938.23152,14215.68825,14358.16822,14334.91461,14426.43438,14616.13512,13387.70116,14648.59218
Comoros,COM,2922.712252,2695.256074,2856.008564,2876.283755,2666.045372,2703.584351,2611.821747,2659.273978,2636.344308,2633.565756,2863.15185,2871.196853,2878.534359,2881.960707,2881.566744,2905.689183,2923.532301,2888.446634,2942.990846,2976.779454,3025.517384,3084.826585,3115.238033,3185.319697,3183.157031,3150.877624,3185.629664,3240.17917,3294.831972,3290.650527,3222.374089,3228.526858
Cabo Verde,CPV,1620.984219,1607.76744,1740.535717,1844.764345,2144.413946,2391.260383,2601.7137,2826.222935,3110.930426,3387.622422,3798.67986,3819.220497,3957.984605,4064.379859,4419.052609,4664.659256,4975.918396,5664.389197,5974.775071,5838.215392,5860.498302,6020.223151,6013.055074,5993.118996,5961.996228,5955.606728,6166.313972,6320.342096,6534.460409,6835.078829,5768.538568,6114.133287
Costa Rica,CRI,9810.551307,9781.45993,10416.10885,10882.04915,11100.70901,11290.95958,11182.47935,11532.46272,12092.47581,12343.71085,12570.69609,12771.95077,12986.00068,13333.21726,13713.00835,14049.9094,14864.78142,15861.87458,16385.001,16024.03006,16667.01652,17186.44844,17809.94056,18044.94501,18480.65175,18956.19193,19553.59886,20168.22048,20503.2768,20818.06168,19824.34684,21199.28134
Caribbean small states,CSS,10277.02162,10433.21574,10645.15475,10910.18422,11115.904,11326.84064,11586.11802,11907.00852,11951.15384,12391.97419,12729.67847,12923.88875,13304.47144,14007.27005,14488.07697,14893.62396,15812.13545,16266.31342,16393.41113,15767.64343,15905.22112,16025.29636,16431.14489,16610.29683,16852.35738,16764.09539,16341.10653,16175.34053,16257.02292,16358.70233,15049.1987,15768.87941
Cuba,CUB,,,,,,,,,,,,,,,,,,,,,,,,,,,,,,,,
Curacao,CUW,,,,,,,,,,,28613.90007,29474.59073,29555.43758,29035.65151,28598.56618,28067.07899,27802.9785,27932.58871,28186.87088,27855.14058,27527.4893,27305.37387,27061.85357,26539.61024,25869.78189,25604.92944,25113.69509,24599.93783,24193.61298,23659.23473,19607.43188,20783.08561
Cayman Islands,CYM,,,,,,,,,,,,,,,,,84778.38463,84870.01221,82125.11489,74068.88086,70095.89581,69103.24371,68270.03664,67537.54884,67762.36084,68135.46407,68824.42604,69534.77191,71046.02185,72402.83665,67093.4024,67500.1043
Cyprus,CYP,25237.11523,24774.07813,26391.28906,25941.94531,26910.15039,28636.58203,28535.66992,28877.02148,30268.24219,31427.39453,32949.78906,33884.94531,34745.98438,35226.73438,36505.75,37730.06641,38854.91406,39975.53125,40405.89453,38542.91797,38405.41016,37593.92969,35749.05078,33471.80469,33241.19141,34573.97266,36678.09766,38421.96875,40099.83594,41746.91797,39471.58203,41701.70313
Czechia,CZE,23585.18149,20895.87976,20768.78817,20760.05425,21356.3128,22758.59681,23756.97839,23659.32079,23597.30618,23948.38503,24976.50632,25833.41467,26289.62614,27239.55944,28542.25482,30384.44665,32352.81297,33956.24598,34580.44335,32782.61235,33483.13759,34002.18978,33688.09983,33661.46842,34386.70491,36168.41856,37014.95929,38824.88792,39941.28535,40989.72662,38639.97952,40740.99398
Germany,DEU,36699.4817,38294.15494,38734.93841,38105.2306,38881.56912,39366.08864,39568.60247,40218.84688,41022.61463,41769.81203,42928.18134,43576.63653,43417.308,43089.47382,43605.27867,43949.28818,45678.08192,47100.6097,47643.22274,45044.48639,46999.23997,49757.92416,49872.44749,49954.17375,50845.527,51159.29746,51879.67259,53071.45557,53431.39287,53874.31665,51840.32969,53179.6544
Djibouti,DJI,,,,,,,,,,,,,,,,,,,,,,,,3664.268036,3854.269956,4073.622455,4291.297376,4451.683846,4589.378326,4768.113005,4753.887886,4913.256441
Dominica,DMA,7855.821042,8000.850604,8166.646892,8336.286612,8335.666251,8587.936522,8859.004087,9063.767648,9425.365624,9491.783456,9763.941226,9785.339961,9493.427412,10070.00429,10357.23355,10409.98209,10884.25314,11570.17241,12392.82974,12246.99409,12335.10993,12309.86222,12153.68773,12044.22187,12516.38405,12063.89568,12385.26909,11511.60642,11849.30154,12395.42047,10255.76098,10878.03698
Denmark,DNK,39027.97874,39469.32281,40108.89195,39979.75738,41969.68871,43015.67751,44013.38559,45260.13712,46096.36972,47298.53735,48907.0114,49133.2231,49204.89901,49262.64497,50446.5416,51483.27379,53322.289,53569.02802,52982.53174,50114.05005,50825.41229,51293.20618,51216.30941,51479.26645,52048.33549,52892.64603,54185.00848,55356.68078,56178.77463,56813.96416,55518.5971,57962.65409
Dominican Republic,DOM,6207.112113,6137.104479,6688.870434,7040.486,7085.282217,7349.36349,7650.113371,8189.045838,8599.564743,8970.394238,9246.309416,9333.570488,9613.331698,9351.323951,9460.912911,10215.49937,11009.27507,11677.25413,11899.22765,11856.04742,12677.01756,12905.28899,13087.94899,13555.51136,14334.73386,15145.46946,15967.20228,16524.53384,17484.12176,18171.06096,16768.4261,18626.07868
Algeria,DZA,8828.874473,8517.376962,8471.527605,8109.883559,7869.270272,8013.123442,8195.86048,8147.878198,8435.035658,8584.071496,8786.19035,8926.110134,9299.682134,9835.161709,10114.72556,10566.37284,10592.24711,10775.53211,10847.17663,10824.57636,11007.74661,11113.96889,11270.70105,11360.63761,11561.2598,11751.63412,11888.32297,11809.48303,11725.87774,11627.27992,10844.77076,11039.80526
East Asia & Pacific (excluding high income),EAP,2191.941063,2322.874014,2520.700742,2742.319786,2979.692249,3221.046579,3458.62134,3641.453717,3623.529527,3791.219557,4025.903623,4243.665926,4524.404722,4863.825584,5240.628666,5681.497744,6215.210015,6882.7381,7384.74012,7864.025436,8550.18907,9178.83099,9775.427505,10375.74777,10984.85664,11608.43105,12263.12968,12968.75984,13709.75489,14408.7382,14457.50917,15378.34773
Early-demographic dividend,EAR,4500.822843,4591.99239,4677.177169,4733.824642,4801.291187,4858.011533,5045.536787,5169.268053,5174.029763,5212.970965,5345.243211,5331.356429,5363.592511,5576.784544,5832.806582,6087.854317,6358.458854,6632.02056,6762.690975,6775.877254,7111.452748,7355.360248,7579.739648,7805.716333,8055.930958,8344.517113,8653.274535,8957.86274,9219.401896,9348.171875,8863.437923,9358.508625
East Asia & Pacific,EAS,5160.148431,5363.442775,5564.922627,5775.165474,6047.289729,6354.646306,6668.025805,6882.374443,6792.567388,6996.592254,7328.934945,7529.679528,7833.349789,8196.980058,8650.995211,9136.929935,9707.260831,10414.52809,10849.16477,11123.60184,11935.66464,12551.73661,13146.5435,13766.22055,14362.53615,14972.30958,15609.9089,16329.77865,17055.40967,17702.64706,17599.23248,18577.41935
Europe & Central Asia (excluding high income),ECA,15439.38211,14518.49847,12851.30154,11922.81406,10451.62898,10150.20476,10038.91638,10266.16132,10080.37766,10326.28658,11185.71485,11536.95874,12160.72678,13014.33301,14089.67395,15063.04984,16262.74353,17499.51629,18172.56214,16951.80662,17777.27375,18745.02231,19334.60323,19912.9459,20053.40552,19967.09005,20131.74092,20766.15561,21332.56995,21736.7715,21361.61855,22768.01801
Europe & Central Asia,ECS,23590.03159,23305.04061,22693.73908,22225.35266,22034.21785,22346.79512,22620.90398,23222.38907,23675.89392,24313.52536,25433.45814,26011.14469,26500.22308,27078.19477,28046.69286,28859.2133,30061.7621,31242.98156,31609.0941,29994.22868,30749.69239,31542.04901,31638.79407,31842.64294,32244.82174,32662.6358,33125.22985,34019.43418,34737.93024,35329.15802,33500.77488,35471.20342
Ecuador,ECU,8120.001161,8281.087175,8279.568276,8277.1545,8466.248745,8496.696732,8487.086198,8697.353726,8825.486974,8263.37727,8211.711254,8395.832658,8589.283867,8670.21074,9220.325409,9542.224995,9792.42182,9836.419105,10284.95427,10170.65094,10355.82266,10988.72211,11424.15233,11806.92384,12073.81042,11908.21578,11587.8253,11679.43023,11608.41905,11390.21697,10356.9742,10668.75829
"Egypt, Arab Rep.",EGY,5971.776514,5895.104988,6017.301083,6051.327466,6152.077793,6298.124229,6471.301925,6681.159822,6904.003456,7168.820767,7469.113061,7575.762661,7596.319495,7676.936162,7830.367934,8019.872675,8403.553615,8825.251063,9273.412171,9518.779115,9807.835612,9762.973654,9757.136591,9742.143557,9793.954621,9999.190692,10218.39381,10435.91719,10783.76165,11180.69706,11380.847,11566.04965
Euro area,EMU,32700.22225,33412.3069,33726.16847,33357.37736,34073.37129,34814.48766,35321.35843,36201.11932,37224.63637,38219.20206,39569.66916,40301.84814,40504.03195,40593.14614,41306.16867,41801.42209,42968.77371,44043.94368,44012.45314,41864.63682,42642.09112,43412.76624,42911.36388,42650.74221,43096.83755,43847.32928,44539.90259,45607.18835,46315.0994,46998.78472,43989.9876,46314.03675
Eritrea,ERI,,,,,,,,,,,,,,,,,,,,,,,,,,,,,,,,
Spain,ESP,27528.41325,28157.5269,28280.32609,27843.85935,28372.03143,29025.99458,29674.39275,30644.37944,31858.49911,33154.46662,34738.05682,35854.58472,36317.10068,36729.76971,37228.79822,37942.00758,38836.59379,39498.59133,39218.29162,37409.64287,37298.4693,36863.4931,35749.51279,35363.51055,35964.4613,37373.95072,38476.7872,39528.92539,40255.25376,40760.30896,35967.89153,37913.07573
Estonia,EST,,,,,,12730.71741,13558.56853,15503.84483,16332.81993,16215.57895,17765.20753,18952.10701,20364.00874,22049.68279,23691.15299,26096.98834,28814.92032,31140.57984,29621.76453,25337.17524,26015.74635,27990.13641,28997.32288,29525.11886,30494.0963,31038.80463,32008.93436,33821.93291,34979.86705,36153.43195,35883.26533,38717.69615
Ethiopia,ETH,767.1704186,683.0347344,598.9227518,655.2132181,653.8867319,671.5410287,731.1846218,730.874982,684.3326309,698.1934253,719.0044355,756.2725644,745.5377945,708.5326637,781.9135167,849.8476733,915.6734383,991.8834008,1068.138009,1130.03184,1236.479409,1336.066951,1411.135929,1518.143762,1629.18907,1750.672731,1864.487668,1987.968754,2067.456497,2181.658877,2253.235788,2319.068252
European Union,EUU,28533.8135,28836.71347,29037.41711,28796.92782,29492.21312,30259.36007,30820.78677,31564.07762,32458.38064,33330.00297,34589.68791,35326.16088,35689.89249,35951.43934,36809.14019,37442.07049,38687.36206,39843.12269,40063.32968,38259.41122,38988.42522,39790.72547,39453.75559,39316.87962,39877.9479,40741.65484,41480.91409,42658.07983,43548.30864,44363.45877,41805.99475,44138.03696
Fragile and conflict affected situations,FCS,4865.6586,4351.615063,4111.89497,3783.96689,3334.208773,3153.03579,3106.208021,3149.7287,3219.260957,3246.011201,3356.568724,3451.583012,3529.631022,3526.128032,3842.810009,3964.208136,4118.534704,4290.561651,4391.825836,4294.869667,4471.108282,4405.610007,4577.126701,4622.090095,4563.412115,4518.831383,4563.944877,4601.162046,4637.290823,4647.722656,4372.69834,4357.296538
Finland,FIN,32939.38329,30831.60881,29648.74394,29310.30707,30340.82384,31499.80578,32548.01516,34506.77188,36293.39156,37795.05776,39894.19446,40842.34177,41439.01923,42168.69347,43724.96612,44786.90966,46412.20035,48664.26571,48817.98949,44662.10014,45874.6613,46825.82484,45952.24638,45328.57532,44976.77645,45072.59021,46206.78781,47570.13358,48048.52462,48583.43399,47443.9036,48753.35471
Fiji,FJI,7889.878577,7633.793301,8078.590115,8226.21364,8628.203239,8827.799864,9201.684087,8909.385714,8921.255886,9594.636972,9328.581303,9415.502379,9618.806183,9619.746478,10031.55723,10006.76691,10097.96166,9927.0223,9961.512291,9772.743601,10019.4125,10254.3588,10368.21584,10830.61022,11411.18367,11903.50161,12179.07068,12822.0136,13311.16689,13241.35395,10966.92512,10359.20369
France,FRA,33843.02039,33898.23404,34269.28344,33906.22186,34576.31943,35176.62211,35546.58328,36247.60429,37409.39549,38490.04018,39726.4884,40220.10086,40381.45953,40425.63805,41265.12692,41638.03178,42362.98541,43123.50113,42993.05952,41544.02261,42145.68195,42862.4158,42789.05191,42813.93354,43021.39464,43345.78643,43705.14756,44577.06457,45245.96087,45922.79474,42233.1396,44993.12595
Faroe Islands,FRO,,,,,,,,,,,,,,,,,,,,,,,,,,,,,,,,
"Micronesia, Fed. Sts.",FSM,2925.307925,3085.503576,3132.257991,3287.029415,3184.932525,3362.493614,3242.057344,3036.021467,3114.911909,3153.959158,3301.386765,3365.746732,3382.827703,3441.756562,3346.730839,3430.396574,3447.473053,3407.930578,3351.183878,3414.071937,3500.29508,3601.894507,3523.386577,3381.953914,3291.397061,3429.742747,3446.040632,3522.288311,3513.865259,3540.78241,3455.716531,3315.23023
Gabon,GAB,17559.00611,18134.81608,17109.40156,17318.16226,17497.64982,17903.78216,18091.04729,18655.65304,18825.36117,16716.37207,15987.08908,15907.86433,15453.04956,15379.62209,15062.64032,15028.36763,14177.08793,14570.75494,13646.61762,13221.76567,13682.84753,14145.6508,14367.99991,14655.36555,14785.39867,14892.03579,14783.07812,14478.13031,14254.4617,14478.00172,13903.28895,13813.72314
United Kingdom,GBR,31537.84779,31093.64172,31134.0426,31832.81835,32973.05958,33718.50908,34274.4103,35679.01928,36698.41106,37678.6944,39080.86676,39770.60602,40303.86724,41369.49593,42099.39454,42926.99277,43533.22051,44302.85947,43887.70713,41592.36477,42270.43429,42389.14626,42705.1483,43192.07794,44247.02967,44948.33597,45574.84782,46372.3866,46878.13496,47362.26461,41984.10572,44978.71472
Georgia,GEO,11135.46289,8724.290499,4769.996524,3346.568025,3045.042484,3243.846213,3740.485453,4268.695273,4511.488803,4737.405516,4919.23188,5236.222806,5572.622006,6230.821909,6632.814265,7315.19848,8049.906055,9109.897741,9358.61459,9097.421248,9736.732094,10541.4719,11295.75409,11740.08912,12254.64565,12605.14007,12963.74396,13589.70739,14253.40899,14989.25816,13966.32634,15486.65899
Ghana,GHA,2299.638794,2360.512714,2391.986749,2447.408679,2469.241636,2512.112267,2568.070424,2613.725471,2671.266214,2721.603013,2752.164773,2787.125616,2833.588421,2901.107873,2982.887472,3075.962731,3187.576437,3240.592608,3447.274778,3523.789387,3709.395761,4128.560179,4402.545952,4610.027915,4628.901413,4616.619414,4662.011474,4929.567954,5125.24949,5345.941592,5263.526603,5435.237685
Gibraltar,GIB,,,,,,,,,,,,,,,,,,,,,,,,,,,,,,,,
Guinea,GIN,1507.198522,1485.435233,1485.421355,1512.979862,1526.255636,1552.491664,1576.423867,1624.346399,1651.998718,1676.718212,1685.276331,1724.435503,1785.573305,1767.791039,1771.045298,1788.389653,1772.714977,1850.637203,1881.269791,1815.315777,1856.490189,1912.817857,1976.958089,2005.381908,2028.514781,2053.111602,2217.109307,2383.578867,2471.719002,2545.140202,2604.117234,2640.344191
"Gambia, The",GMB,2080.158085,2059.832049,2047.02756,2034.401653,1974.055729,1933.309834,1919.260297,1955.317298,1965.277145,2030.69648,2081.222296,2139.55658,2011.854032,2089.62103,2173.159364,2060.522819,1988.097002,1986.395964,2046.134217,2115.614823,2172.193837,1934.727946,1974.094057,1969.77695,1885.142034,1905.822994,1889.138021,1927.039942,2012.59077,2083.309058,2042.620289,2076.566434
Guinea-Bissau,GNB,1998.173206,2057.174302,2020.741837,1997.076379,1998.836536,2035.223783,2224.748653,2324.843826,1641.030749,1627.07535,1681.406229,1681.956015,1628.730327,1600.670908,1606.582143,1635.41434,1632.505146,1643.376899,1652.884361,1665.200793,1697.495589,1787.073969,1710.02377,1718.862075,1690.091136,1748.029233,1811.300971,1872.309281,1851.886546,1890.533103,1803.630591,1831.383229
Equatorial Guinea,GNQ,936.4197507,893.097341,1159.738622,1240.908573,1394.786465,1578.04944,2530.19877,6084.623075,7242.224926,8749.425868,9890.817737,15389.15599,17534.84708,19081.92623,25164.15329,28075.17808,28879.35209,31770.01479,35688.64707,34479.89483,29944.2618,30502.60047,31680.65974,29143.0218,28106.19839,24563.5006,21566.05705,19617.84471,17764.96963,16240.36981,15132.37997,14637.00735
Greece,GRC,24262.84258,24716.51743,24700.13059,24162.37153,24522.52599,24920.72894,25521.27937,26534.49505,27415.62595,28149.84376,29133.83944,30180.22585,31249.39735,32981.35178,34564.91128,34670.18503,36520.04803,37619.66086,37394.17253,35691.94594,33693.21148,30318.40467,28322.57306,27810.91123,28129.96132,28260.38667,28239.91921,28604.86094,29141.17438,29721.58576,27103.54091,29548.03891
Grenada,GRD,8571.903026,8628.730104,8446.736918,8189.449503,8247.342309,8351.251586,8656.514185,9030.13349,10029.63023,10658.9818,11116.61171,10840.76489,11182.83324,12183.87401,12019.21689,13523.77752,12897.59435,13597.08272,13634.03075,12645.69184,12493.88455,12493.16395,12242.95274,12420.1483,13215.91335,13948.46699,14351.28609,14869.98257,15401.72682,15393.79115,13175.42279,13688.2558
Greenland,GRL,,,,,,,,,,,,,,,,,,,,,,,,,,,,,,,,
Guatemala,GTM,5561.070684,5611.542265,5730.645953,5805.709528,5891.327439,6033.042695,6064.020817,6181.172344,6338.338074,6428.047976,6499.883285,6493.60647,6589.737074,6612.669877,6676.704533,6753.682536,6972.381592,7269.20626,7365.280436,7262.500109,7335.988974,7503.674656,7590.755467,7734.117707,7939.374378,8125.655534,8206.047987,8322.21681,8469.115288,8671.702718,8390.22218,8926.700117
Guam,GUM,,,,,,,,,,,,,,,,,,,,,,,,,,,,,,,,
Guyana,GUY,4818.387995,5131.020155,5522.384552,5956.328067,6444.218961,6749.160113,7267.894139,7700.340088,7556.175332,7766.33261,7649.94956,7816.526114,7899.714152,7847.303431,7971.43079,7823.267499,8239.124692,8853.169801,9036.88507,9399.297185,9831.809397,10394.14229,10946.45463,11293.94962,11427.87307,11446.76348,11819.15486,12193.62168,12374.2195,12820.4897,18430.56975,21925.18686
High income,HIC,31819.96067,32081.51674,32512.12226,32677.29416,33507.49634,34265.74489,35079.09431,36034.89996,36791.29761,37782.62249,39126.49651,39476.65272,39852.41112,40524.37761,41703.31774,42654.44738,43711.39706,44602.98737,44560.35849,42786.33173,43834.30818,44578.17186,44945.67144,45347.82428,46051.44778,46897.36173,47506.39401,48405.73945,49325.39226,49982.78001,47614.08921,50122.20586
"Hong Kong SAR, China",HKG,28797.69002,30188.37286,31802.44413,33199.34331,34419.34787,34545.53233,34452.98839,35909.79239,33516.35555,34029.93871,36316.24063,36251.75598,36689.48906,37885.54804,40861.68222,43689.33901,46462.46154,49042.77541,49787.64267,48458.86939,51359.80777,53471.79542,53783.94408,55229.60662,56358.04417,57214.69066,58098.3944,59842.213,61055.33813,59588.51861,55888.68833,59978.14846
Honduras,HND,3912.702045,3678.262009,3793.711119,3928.371716,3827.993106,3953.102425,3916.741386,3985.107634,4020.585805,3886.985474,4058.028862,4058.111643,4101.276992,4179.422864,4330.739318,4482.757686,4665.767292,4842.422771,4936.869076,4714.679264,4790.109573,4874.873584,4978.074023,5020.936864,5079.70345,5180.186694,5287.25283,5447.698792,5561.262533,5613.660588,5028.145109,5572.176988
Heavily indebted poor countries (HIPC),HPC,1833.686584,1802.279575,1742.077,1705.015737,1656.661105,1691.745071,1729.768708,1782.277025,1793.192764,1799.145018,1804.709374,1828.581433,1835.797733,1856.33381,1906.253349,1958.231426,2016.43267,2071.303583,2127.969097,2141.866529,2210.279377,2239.003513,2245.100089,2306.050804,2370.125432,2408.298197,2447.161686,2494.346076,2526.101544,2561.602783,2496.646748,2519.122586
Croatia,HRV,,,,,,15073.54649,16237.30455,17323.97071,17737.67189,17681.54664,18368.25814,19675.70904,20797.47809,21948.34529,22853.73314,23797.3018,24954.39046,26208.11412,26735.94083,24838.77955,24590.52099,24654.19755,24153.05763,24124.06432,24118.53046,24931.48618,25999.83335,27211.8238,28225.0023,29352.78886,26950.71963,31635.82488
Haiti,HTI,3598.982246,3593.639305,3336.836473,3095.55799,2674.591594,2884.891411,2948.952968,2973.391046,2983.340255,3008.93461,2980.191654,2917.113527,2896.808541,2946.377151,2859.126021,2898.317526,2900.4378,2987.130079,3017.074731,3143.773433,2932.279149,3047.274572,3015.858658,3099.477322,3106.984955,3141.046806,3153.176309,3187.789761,3197.141265,3101.594122,2959.089444,2870.145037
Hungary,HUN,,16429.70108,15932.49962,15858.78549,16348.53148,16615.16255,16657.44386,17215.65523,17928.73453,18531.74965,19412.18341,20249.44764,21270.01248,22200.10341,23362.8116,24414.58278,25417.54706,25527.56386,25829.03244,24162.26769,24477.57531,25005.28666,24820.51611,25337.58723,26481.16572,27528.30585,28217.35404,29501.12042,31122.50279,32649.14161,31231.59594,33593.15197
IBRD only,IBD,5111.239876,5048.949829,4994.064967,5040.381161,5080.905617,5190.281487,5380.563522,5560.028551,5590.830694,5730.061051,5988.794553,6128.468585,6330.889955,6633.598159,7053.641512,7458.786339,7964.531666,8551.541613,8923.792423,9027.017897,9597.271996,10061.66484,10472.26898,10867.71106,11249.53662,11605.42041,12020.00284,12518.31343,13006.23378,13384.7112,13013.54307,13837.42474
IDA & IBRD total,IBT,4538.224271,4480.487949,4428.615294,4452.436976,4471.178641,4557.04839,4711.385639,4852.565932,4873.829883,4980.239319,5182.91599,5293.442896,5454.286017,5693.819459,6032.979806,6357.147377,6758.03691,7219.566158,7508.072464,7588.33732,8030.608564,8383.895233,8694.024057,9004.334788,9305.867994,9576.769887,9885.458021,10255.81692,10619.1162,10892.95356,10568.37076,11160.63164
IDA total,IDA,2202.237889,2185.033955,2170.282981,2130.702002,2090.474594,2112.774387,2158.030003,2182.771601,2199.317454,2215.881795,2247.966722,2292.628317,2347.170946,2407.22978,2509.46741,2602.930947,2700.718031,2800.118234,2872.111368,2940.238054,3038.177027,3108.522559,3169.334703,3277.809984,3396.062236,3476.410948,3542.589534,3617.239247,3709.891437,3785.709821,3703.707193,3769.534077
IDA blend,IDB,3253.773256,3233.728496,3259.834435,3175.065912,3131.003186,3127.215901,3183.12302,3157.847329,3161.363849,3156.918518,3189.479405,3235.732625,3351.716201,3447.525177,3620.272343,3751.369151,3879.553657,4003.143299,4053.127442,4164.856523,4278.187832,4358.002001,4448.424889,4589.362499,4749.25372,4844.151839,4865.83119,4909.035246,5012.888569,5050.077436,4883.773201,5039.772628
Indonesia,IDN,4519.722794,4742.62213,4965.13361,5200.022744,5500.552602,5856.211892,6212.671276,6401.215169,5474.59757,5435.755249,5621.262041,5744.493988,5921.077847,6121.666192,6348.294579,6625.614665,6899.851204,7242.018166,7578.205221,7828.809188,8212.634454,8610.528848,9015.800861,9402.107954,9759.025207,10121.84092,10519.29506,10941.92095,11397.4314,11857.78912,11515.74035,11858.14651
IDA only,IDX,1672.081252,1653.088131,1614.83985,1601.017997,1561.862073,1598.357097,1637.422773,1689.154202,1712.058795,1739.701485,1770.25454,1812.939794,1834.48033,1877.001395,1942.569484,2017.319469,2100.590344,2188.348216,2272.695281,2316.872772,2406.35586,2471.747347,2517.729735,2610.741917,2709.014859,2784.487377,2878.558542,2973.957426,3064.205483,3164.056694,3127.772867,3148.233835
Isle of Man,IMN,,,,,,,,,,,,,,,,,,,,,,,,,,,,,,,,
India,IND,1819.021597,1800.010902,1859.714851,1908.578224,1994.943942,2103.727155,2218.824342,2264.795571,2359.892551,2521.576658,2571.149656,2646.878224,2699.178102,2861.574708,3037.063815,3225.54433,3432.819251,3642.00241,3701.395479,3937.237642,4213.362991,4374.232272,4551.862127,4780.120345,5071.047084,5411.875588,5789.678066,6112.06665,6436.153402,6608.624078,6114.03158,6592.041791
Not classified,INX,,,,,,,,,,,,,,,,,,,,,,,,,,,,,,,,
Ireland,IRL,26706.25581,27065.53476,27780.22925,28386.00242,29901.75001,32614.96611,34745.80388,38190.49806,41107.29907,44926.52894,48500.34737,50266.95767,52342.86036,53049.16786,55623.88684,57548.99679,58812.30625,60170.41824,56312.50413,52902.88813,53500.91489,53712.28574,53482.20065,53800.20878,58027.83898,71490.80309,72106.79863,77749.20196,83340.3916,86681.27013,91099.74854,102496.22
"Iran, Islamic Rep.",IRN,9442.248116,10239.68124,10331.3292,10114.03948,9904.10017,10006.93315,10503.59246,10495.13133,10547.83973,10589.98471,11026.10181,11098.44624,11878.86236,12785.93014,13126.58255,13328.95639,13780.72793,14689.56045,14525.76025,14473.83289,15099.46019,15302.20194,14541.84937,14113.45779,14538.52187,14010.85826,14968.59505,15163.29231,14628.94634,14084.35351,14432.36271,15004.68797
Iraq,IRQ,7449.471655,2650.086869,3410.740508,4234.240603,4190.641249,4136.325678,4445.65263,5222.930074,6822.681016,7763.872534,8779.792562,8654.453692,7693.858039,4726.974048,7044.686825,6952.88933,7292.887057,7493.843917,7955.696098,7933.821176,8178.305252,8493.082467,9251.982403,9503.87504,9194.864078,9371.213487,10404.20387,9976.854942,9995.049513,10299.31629,8919.797456,8962.394143
Iceland,ISL,,,,,,33666.1805,35014.19909,36732.93193,39017.43768,40103.86599,41530.51732,42626.92307,42484.51611,43095.35686,46051.74389,48104.65181,49956.84865,52827.01012,52999.43754,48770.95034,47457.62292,48186.16729,48440.25508,50168.68853,50450.74161,52142.93281,54665.76392,55638.49206,56816.36361,56923.17245,52174.57238,53586.15564
Israel,ISR,,,,,,26668.61911,27520.0459,27858.39981,28349.14712,28556.79575,30223.88276,29618.41799,28994.697,28872.81882,29724.14725,30412.0788,31547.23172,32861.67314,33332.58845,32832.731,34065.84203,35301.81998,35552.85326,36436.38435,37144.4807,37321.01696,38251.29694,39121.29583,39936.76775,40810.0545,39351.89598,42061.24092
Italy,ITA,36585.6799,37122.82193,37407.11132,37065.43412,37855.00774,38947.20131,39429.49556,40129.90188,40844.74561,41501.78837,43053.93306,43869.42794,43915.38534,43781.21998,44118.03664,44260.82742,44918.17035,45356.53672,44623.60202,42074.92125,42664.35527,42892.30556,41501.71123,40268.11279,39898.52646,40247.82904,40837.73763,41581.12079,42045.92147,42739.04991,39065.2821,41929.43111
Jamaica,JAM,8692.502235,9038.113567,9128.911769,9889.121684,9924.544809,10055.79994,9951.085267,9752.657289,9445.077987,9471.598639,9496.543122,9575.8761,9719.602501,10027.36871,10110.53531,10151.97662,10396.59323,10500.33395,10376.10238,9885.023929,9700.027418,9823.773528,9715.208354,9718.624763,9745.554008,9800.50685,9906.04022,9984.577117,10160.76327,10244.36619,9198.148405,9596.564404
Jordan,JOR,8127.626506,7839.873323,8500.025788,8426.271395,8426.701622,8587.846639,8480.816993,8530.064258,8586.142779,8686.438402,8866.477645,9140.067009,9463.036536,9636.589162,10204.41281,10751.77125,10862.46176,11028.31216,11540.40374,11856.2888,11866.88083,11885.23866,12001.99026,11542.29252,10605.34929,9912.713159,9633.100767,9629.102999,9584.50699,9551.165384,9203.375773,9223.147538
Japan,JPN,32846.38961,33870.37404,34048.78455,33782.73545,34053.52423,34867.58039,35878.78947,36144.61755,35588.62512,35405.08013,36323.0953,36375.58642,36306.3302,36784.88103,37576.38989,38250.63801,38751.005,39280.8949,38781.19873,36577.8634,38069.95604,38149.61811,38735.89635,39569.63657,39739.54112,40402.58151,40727.96888,41444.21574,41739.20332,41697.41194,39935.46472,40784.38177
Kazakhstan,KAZ,13475.6399,11917.71405,11294.73658,10292.19832,9126.25583,8552.451997,8726.538477,9016.003247,8998.901209,9330.564789,10275.76187,11682.84179,12827.23108,13973.07774,15208.44025,16536.01541,18112.7787,19500.47894,19770.21665,19614.73532,20751.25724,21970.08392,22702.57884,23720.81607,24355.75612,24290.41763,24210.86296,24862.96612,25544.34476,26351.80444,25361.50799,26110.53004
Kenya,KEN,3655.362057,3590.744754,3455.491337,3367.167823,3357.710461,3408.542222,3455.100674,3379.896493,3398.472045,3380.77644,3303.326445,3325.911902,3244.176334,3241.674665,3306.789954,3399.403994,3513.348269,3644.334913,3545.593502,3555.988259,3735.792926,3824.197467,3899.167071,3950.881432,4055.113188,4163.924747,4244.857626,4312.908917,4464.813211,4601.211373,4498.382638,4743.486432
Kyrgyz Republic,KGZ,5158.317569,4671.52285,3978.909914,3362.829,2688.351778,2517.28445,2656.01772,2877.098569,2893.417535,2954.954122,3078.909252,3212.133547,3182.232895,3370.430199,3563.875363,3517.720509,3588.089918,3857.653909,4142.211454,4210.626347,4141.077206,4334.660789,4259.318204,4631.403267,4722.086002,4805.141092,4912.382484,5046.691535,5133.151914,5258.366696,4726.196559,4814.956438
Cambodia,KHM,,,,1716.840958,1077.898492,1153.926483,1193.230871,1214.011729,1244.980945,1376.046717,1486.107114,1578.627701,1652.538132,1761.421102,1909.418456,2124.837457,2313.330332,2505.520349,2629.259058,2592.155461,2706.991816,2856.530786,3021.332219,3197.5321,3378.364591,3565.245067,3761.911338,3972.724164,4217.621791,4464.29445,4276.184539,4354.565206
Kiribati,KIR,2045.236826,2005.513122,1989.629741,1976.684683,1981.429682,1951.835054,1952.542766,1950.331793,2041.964621,1976.36843,2063.556002,1994.917487,2028.594195,2027.558278,1954.683015,2010.928798,1971.39879,1973.749754,1895.889788,1874.509421,1819.201351,1819.656585,1883.17344,1932.235337,1883.230556,2038.48644,1997.822854,1962.319554,2033.728279,1990.517968,1944.846959,1937.089296
St. Kitts and Nevis,KNA,14178.57092,13946.44585,14414.53064,15191.82301,15786.24446,16421.39454,17160.26683,18096.55206,17774.76086,18103.55161,19642.95237,20438.84982,20593.89838,19712.70174,20434.91272,22354.21915,22985.16554,23053.86747,25554.31201,24622.87307,24572.83154,24876.69729,24672.40071,26058.2699,28019.89443,28219.10914,29329.47846,29333.39318,29950.49332,31194.73719,26700.66873,26485.81724
"Korea, Rep.",KOR,12656.39606,13882.42101,14590.533,15436.38786,16698.27616,18120.4939,19364.94137,20367.97364,19184.22375,21232.60976,22963.63854,23893.89701,25591.39905,26260.36841,27515.95177,28640.70624,29990.522,31569.9312,32275.12525,32363.96866,34394.49049,35388.97691,36049.19349,37021.13416,37967.47562,38828.741,39814.65893,40957.41806,41965.89054,42758.59037,42396.76194,44232.20573
Kuwait,KWT,,,41446.96375,54426.32614,59468.75149,61826.11827,60443.91815,59894.1514,60105.80593,57210.53649,58117.18058,56580.98937,56701.05941,64811.18196,69723.61729,74294.34666,75551.11092,75498.23036,73162.90044,64468.79344,59780.02985,61356.9356,60588.15596,57051.7438,55583.56167,53808.12576,53476.12104,50007.29954,48943.00622,47314.79686,43922.63021,
Latin America & Caribbean (excluding high income),LAC,10434.34931,10570.67891,10640.84716,10910.15156,11308.88777,11150.74773,11407.44531,11814.0485,11929.96716,11801.64028,12041.96781,11894.3294,11787.80261,11922.17543,12399.98467,12729.21537,13217.30269,13760.66927,14116.83163,13661.12738,14420.04473,14905.38635,15104.65338,15376.33679,15448.64178,15380.49072,15215.37203,15363.22034,15455.71539,15408.19992,14275.38643,15093.56575
Lao PDR,LAO,1939.086239,1966.43868,2019.391345,2082.097554,2194.526868,2291.874436,2394.068351,2505.624175,2557.183955,2696.163939,2804.818277,2918.387322,3043.482844,3181.054976,3336.899783,3522.2879,3765.648668,3988.169721,4234.00189,4482.899762,4793.223985,5103.54896,5434.834686,5789.2754,6145.497219,6499.072932,6850.580907,7211.259089,7546.334254,7840.071383,7763.948881,7846.975022
Lebanon,LBN,5862.836598,8587.33702,9788.923217,10634.39185,11291.28918,11802.42348,12891.5496,12795.04674,13037.97375,12752.06292,12711.94656,12993.86252,13264.98883,13516.33442,14198.55134,14365.58671,14350.74792,15394.1852,16522.33483,17979.25791,19239.56483,19216.9679,19202.54743,18180.36684,16863.63723,16611.72019,17248.18948,17808.07689,17970.93902,17172.19765,13780.95844,12977.2023
Liberia,LBR,,,,,,,,,,,1725.144894,1724.05975,1742.789142,1207.726032,1224.57175,1232.456857,1258.729846,1311.445268,1349.028232,1376.453102,1418.675819,1475.839269,1538.407221,1635.95825,1613.86548,1581.055113,1525.458013,1533.411238,1521.733471,1455.637649,1383.828099,1423.229589
Libya,LBY,,,,,,,,,,26668.44434,27130.46834,26040.31297,25173.15483,27744.88085,28244.26186,30782.93147,32040.95347,33345.94914,32590.65917,30510.86058,31394.16175,16356.36266,32214.90633,25907.75689,19569.90049,19108.94383,18554.4806,24212.91093,25734.16863,22535.44562,16924.15045,21965.17331
St. Lucia,LCA,11419.09982,11305.722,12025.49411,11918.58185,11950.98888,12017.28667,12238.28569,12037.23931,12679.68363,12903.05995,12808.66517,12287.85607,12247.13384,12671.68633,13493.93843,13345.37176,14079.8673,14228.47063,14838.96442,14324.69317,14448.2644,15133.39718,15017.7459,14469.64889,14605.22027,14339.10946,14810.63705,15247.45884,15622.77804,15460.80076,11651.16713,13045.95538
Latin America & Caribbean,LCN,10577.28917,10730.46617,10842.74003,11122.61321,11523.82311,11406.41929,11679.78858,12110.27607,12249.62735,12132.27436,12381.92306,12258.01792,12160.93913,12309.54363,12819.46409,13162.01154,13662.87722,14214.38489,14577.55622,14121.61288,14878.30672,15385.63621,15627.59517,15913.82636,15996.42791,15944.90859,15796.87948,15950.88588,16081.44917,16065.14698,14874.12963,15774.80686
Least developed countries: UN classification,LDC,1604.086116,1594.318523,1561.523814,1523.32906,1492.614697,1539.713219,1587.103513,1636.394635,1658.351381,1686.020503,1717.395746,1767.853852,1807.147066,1853.799256,1926.850188,2022.430427,2118.044082,2228.212284,2323.362032,2367.00124,2455.800606,2515.582317,2559.415786,2639.808082,2733.943874,2798.196778,2872.695483,2947.056831,3021.02213,3108.799912,3068.815388,3059.281205
Low income,LIC,1360.999546,1332.477637,1273.159654,1249.230569,1208.385328,1230.282763,1262.02844,1315.316868,1315.296246,1322.440866,1327.618405,1365.710641,1380.838651,1408.379295,1455.257369,1510.719916,1564.397721,1625.89793,1676.533384,1690.798992,1761.799889,1775.37734,1746.174645,1792.812316,1855.136195,1893.466628,1932.528625,1962.881701,1983.572989,2011.736525,1970.168054,1956.76697
Liechtenstein,LIE,,,,,,,,,,,,,,,,,,,,,,,,,,,,,,,,
Sri Lanka,LKA,4011.656201,4145.949031,4279.296617,4526.591566,4735.260806,4955.054036,5108.516616,5405.247372,5630.645975,5841.736802,6154.546243,6016.460193,6205.527876,6518.903337,6816.027253,7182.988242,7674.513573,8135.801139,8558.664101,8800.107188,9440.672169,10190.34917,11055.63389,11414.16682,12029.37545,12420.55297,12904.85386,13584.19311,13753.05489,13639.02189,13095.76029,13386.68132
Lower middle income,LMC,3264.864212,3255.552276,3267.714973,3232.142325,3223.753905,3301.378734,3420.605633,3473.248754,3454.121516,3541.942331,3633.808874,3718.913044,3824.157971,3998.408526,4194.615016,4379.352297,4593.171869,4835.246092,4955.561369,5090.806971,5340.054144,5510.203621,5667.217399,5857.887415,6094.738274,6309.611526,6592.078118,6842.90534,7089.21669,7259.817425,6930.946452,7241.60019
Low & middle income,LMY,4352.667124,4310.515052,4258.71131,4278.141473,4289.706187,4364.99182,4510.55951,4646.899572,4664.2311,4769.669171,4966.856913,5074.647353,5231.375418,5466.227364,5793.768041,6110.940703,6498.471121,6945.751375,7222.048269,7308.868604,7751.469935,8094.323022,8400.894609,8711.619348,9007.022713,9270.959272,9575.813101,9933.88626,10281.9613,10545.96918,10239.36693,10806.69848
Lesotho,LSO,1265.91891,1331.527059,1401.932101,1430.378721,1495.948302,1526.454697,1594.561686,1638.963564,1653.219586,1653.922691,1714.250176,1774.556117,1789.136017,1874.944213,1914.018167,1988.332201,2073.115704,2152.656244,2258.376816,2214.311607,2315.276789,2404.362774,2535.470842,2557.00032,2574.296385,2625.637083,2688.134599,2571.694113,2541.452759,2533.119058,2292.19521,2295.232215
Late-demographic dividend,LTE,5294.842587,5226.736447,5093.01935,5179.286117,5267.066034,5463.761513,5648.634746,5865.339149,5916.703739,6128.11545,6505.308562,6780.298963,7123.881628,7554.399619,8104.409148,8651.797549,9369.706928,10224.73237,10835.99996,11057.65361,11825.03566,12552.66633,13170.95789,13761.07981,14341.75989,14845.08086,15364.88529,16040.81342,16787.94374,17454.35502,17338.47106,18480.55557
Lithuania,LTU,,,,,,10640.36003,11274.64011,12302.1012,13317.90773,13259.61695,13846.68329,14872.37909,16004.4389,17839.78274,19226.46927,21053.1846,22977.99665,25835.36802,26784.88003,23065.06196,23942.76036,25968.58342,27330.89595,28589.02666,29855.83149,30748.19631,31925.80342,33761.87124,35446.70808,37184.4536,37166.41158,39305.61305
Luxembourg,LUX,70860.81912,75961.66872,76323.30475,78468.92176,80365.22451,80379.12763,80401.03202,83702.81353,88185.80011,94115.38403,99301.527,101143.148,103317.3311,104743.0001,107634.8372,108632.36,113346.0358,120647.823,118154.6672,112230.0814,114343.9881,112998.3905,112137.1355,113050.6633,113313.5789,113182.7286,116283.6997,114985.8422,114164.4686,114542.4969,111751.3148,115683.4937
Latvia,LVA,,,,,,9599.146005,9959.121033,10947.78118,11751.71414,12174.30376,12989.89842,13990.84384,15157.6208,16593.91768,18165.74941,20331.70003,22975.56276,25466.78292,24899.64638,21704.32379,21173.4018,22117.40668,23970.45251,24715.06571,25423.48911,26628.35468,27509.33633,28673.5634,30051.40256,31038.67927,30568.50182,32081.45472
"Macao SAR, China",MAC,47880.27373,47966.59174,52889.17106,54413.0003,55550.13133,56243.99446,54947.57914,53808.52465,50481.47731,48509.75262,50539.91922,51144.12416,54395.48399,59037.93655,72717.07455,76483.90759,84436.74642,94134.14132,94804.92406,93540.67015,114042.4953,135365.3874,144891.3419,157602.4825,151616.4024,116855.5337,113941.6698,122977.509,128437.323,122822.1245,55158.71273,64796.99514
St. Martin (French part),MAF,,,,,,,,,,,,,,,,,,,,,,,,,,,,,,,,
Morocco,MAR,3595.33374,3789.995117,3649.871826,3565.513672,3883.276611,3617.813721,4003.989014,3882.959229,4103.550781,4089.883545,4111.650391,4353.847168,4431.303711,4636.992188,4797.675293,4889.109863,5189.35498,5302.170898,5543.088379,5703.028809,5841.878418,6064.432129,6160.998535,6352.433105,7462.152832,7687.690918,7632.185547,7921.619141,8072.086426,8217.598633,7545.995117,8058.396973
Monaco,MCO,,,,,,,,,,,,,,,,,,,,,,,,,,,,,,,,
Moldova,MDA,,,,,,5694.435909,5370.512599,5479.19498,5122.804594,4958.034025,5072.841545,5394.334537,5828.574812,6230.782108,6708.439285,7229.140711,7597.224557,7843.294623,8471.181099,7972.970799,8547.580779,9050.125978,8997.933822,9814.323155,10311.28769,10355.5395,10938.58477,11651.18635,12367.76383,13030.18304,12201.7783,14009.22602
Madagascar,MDG,1808.743539,1644.510048,1614.09342,1597.769443,1547.646046,1524.493596,1508.570196,1515.446552,1526.065918,1549.030804,1569.621338,1614.385733,1372.808526,1463.567922,1496.070071,1522.069667,1557.967062,1599.436225,1657.823589,1546.370681,1511.98673,1493.442482,1497.009522,1491.07411,1500.910595,1508.37444,1528.561709,1548.156425,1557.322546,1585.471651,1436.20695,1463.628733
Maldives,MDV,,,,,,10430.78865,11010.30939,11704.31456,12362.96739,12922.79957,13210.96499,12477.22486,13156.99201,14717.2427,15351.69553,13124.05681,16162.28238,16834.74439,17788.32575,15927.79593,16492.53122,17290.20906,17126.3408,17768.60856,18338.3232,18051.07028,18406.26835,18973.56896,19789.48971,20574.40443,13419.33455,18765.21635
Middle East & North Africa,MEA,10649.23599,10844.72616,11024.3266,10950.86727,10924.22446,10960.98459,11264.657,11397.54448,11668.53854,11656.76254,12156.53924,12100.51398,12081.20148,12502.79617,13188.0407,13549.32512,13977.67429,14372.24273,14661.36704,14422.76314,14801.54221,15003.23861,15371.93836,15355.27878,15553.20144,15705.29937,16114.0374,16126.45871,16154.12207,16030.77931,15318.60408,15779.08397
Mexico,MEX,15355.62755,15689.65878,15931.48289,15930.48391,16402.25816,15087.58963,15825.09375,16618.91325,17184.94319,17370.81291,17942.78035,17596.78674,17324.35365,17315.455,17731.80283,17883.53541,18434.88654,18610.73143,18586.47129,17387.66191,18036.71759,18432.36879,18838.7839,18844.03034,19141.92066,19542.88989,19830.96249,20032.40861,20278.21631,20064.5005,18327.99076,19086.10468
Marshall Islands,MHL,3426.381082,3356.069445,3523.679879,3664.420915,3810.056258,4052.889723,3576.353935,3293.433745,3216.926136,3137.014849,3156.62437,3360.385476,3480.803174,3424.746246,3473.906593,3541.875688,3557.493619,3689.735603,3421.659701,3562.108548,3767.676065,3787.654608,3793.694027,3998.472057,4026.854815,4195.834375,4376.16893,4634.936846,4955.129522,5647.066917,5710.97293,5961.816514
Middle income,MIC,4587.530121,4545.837627,4496.979715,4523.107682,4541.413673,4624.489266,4783.196882,4930.541855,4952.927211,5070.533493,5287.638747,5406.154334,5580.932032,5840.73127,6200.229838,6548.849876,6976.222446,7469.719023,7777.698212,7881.58734,8372.093052,8758.954816,9110.005829,9458.57159,9789.348652,10089.00696,10436.10021,10844.91668,11245.81481,11555.19061,11236.21672,11891.63005
North Macedonia,MKD,11113.22979,10465.79538,9869.130064,9228.607424,9132.368594,9023.712572,9083.667914,9202.275021,9462.708681,9826.216164,10226.5412,9871.303557,10091.77484,10282.4,10732.44919,11215.67131,11772.32838,12513.97743,13177.21201,13105.79896,13517.42821,13809.96485,13730.25799,14111.44534,14599.2425,15141.9922,15556.25488,15709.28743,16148.45864,16776.07691,15782.548,16467.31655
Mali,MLI,1336.571905,1464.26279,1388.730852,1403.252727,1425.511741,1408.29122,1476.287785,1513.607496,1588.172539,1633.117588,1585.348078,1774.682365,1773.345084,1873.988915,1842.056379,1898.623687,1922.526179,1925.063438,1951.773774,1980.059221,2018.601455,2017.144156,1942.7395,1930.134951,2002.372928,2060.098549,2112.187075,2153.845638,2185.575591,2219.046743,2123.828202,2120.623301
Malta,MLT,16130.7115,16684.16047,17287.53487,17882.64724,18717.33669,19766.20235,20378.60748,21288.18821,22234.35607,23146.17989,27523.5877,26996.70413,27483.52507,28415.8443,28265.03759,29035.65339,29656.34503,30964.3602,31940.43038,31341.33403,32916.68381,32930.29561,33979.65676,35339.69623,37285.24016,39903.93594,40319.73037,43516.55268,44615.60392,45433.91868,40740.96932,44658.71909
Myanmar,MMR,581.6133112,579.3787533,597.2021834,635.1071843,669.3750531,708.5048781,746.4265653,781.5960717,816.5262112,875.4184969,973.3955381,1083.41942,1198.094697,1340.872732,1511.171532,1702.309682,1914.241569,2137.644943,2360.54324,2591.046304,2830.284053,3018.461614,3187.114918,3409.648895,3658.593538,3748.294222,4109.557412,4312.947389,4556.281168,4829.536707,4947.093961,4032.625653
Middle East & North Africa (excluding high income),MNA,6815.131832,6644.080405,6782.585982,6734.10773,6693.645478,6740.735995,7023.85065,7130.514909,7421.490312,7613.781966,7916.94225,7976.697903,8103.663538,8196.839453,8621.669112,8829.858812,9117.684543,9518.133916,9675.125099,9724.782832,10025.75629,9800.030861,10003.37253,9874.889711,9991.854394,9993.004745,10384.17213,10561.91731,10559.48454,10488.74968,10108.09173,10420.79539
Montenegro,MNE,,,,,,,,12581.53139,13238.38172,12026.84861,12421.22331,12507.41013,12694.56765,12957.90551,13507.4703,14051.36275,15236.11099,16251.25285,17394.14282,16351.01999,16767.35836,17290.51251,16805.40786,17384.85257,17677.78627,18266.87809,18801.26794,19685.80885,20690.28599,21537.80912,18262.2369,20602.49917
Mongolia,MNG,5030.073252,4512.110111,4027.777979,3842.052181,3870.862231,4066.753112,4110.553606,4226.372643,4325.080296,4415.031937,4424.652829,4515.465571,4687.444651,4972.257625,5453.993364,5800.909349,6243.608856,6818.993595,7346.278752,7163.801839,7518.831118,8685.779862,9586.714924,10504.8147,11107.98898,11134.80186,11058.95048,11431.49802,12052.29381,12458.01843,11666.7797,11668.43042
Northern Mariana Islands,MNP,,,,,,,,,,,,,,,,,,,,,,,,,,,,,,,,
Mozambique,MOZ,460.1236967,473.6120038,436.3764156,469.3978174,476.3707587,465.8332957,502.4025415,544.2140759,584.0687207,636.7917411,628.6932794,687.193474,731.9895084,762.2861825,801.4271276,832.8388607,890.4529568,934.7363488,977.1908774,1011.561291,1047.591431,1092.773245,1137.284815,1179.670024,1228.656835,1271.961873,1279.920506,1287.234867,1292.897664,1285.184822,1232.985576,1226.766924
Mauritania,MRT,4611.941187,4557.468672,4467.275638,4540.365425,4252.870183,4542.662008,4711.05233,4419.583397,4424.410009,4464.211044,4170.901578,4037.45078,4006.364205,4192.378811,4296.544415,4562.731568,5278.54732,5055.987817,4914.834226,4787.451874,4773.752515,4825.087991,4885.692178,4943.232841,5020.136804,5151.899871,5080.809163,5259.065063,5367.216439,5505.646331,5314.84937,5307.521902
Mauritius,MUS,8233.911912,8506.797454,8942.38329,9286.095236,9535.735985,9859.452897,10304.45266,10755.00631,11288.72559,11437.14396,12254.29541,12564.85146,12679.43162,13333.9021,13824.29759,13986.96798,14599.25964,15365.20936,16134.47457,16625.14015,17311.62524,17988.68312,18566.02981,19147.67604,19844.48855,20549.62816,21328.68825,22148.62439,23023.50019,23681.58045,20224.22242,20967.94793
Malawi,MWI,939.1762778,990.8480484,892.4252274,965.3834739,877.2542483,1025.930701,1079.882394,1099.283321,1118.715336,1127.381608,1119.101687,1038.509426,1030.560539,1062.012332,1090.40811,1095.655715,1115.438232,1188.354681,1242.860234,1307.808223,1357.871724,1383.580965,1370.302848,1401.660012,1440.80766,1440.842283,1437.041692,1454.777492,1478.424836,1517.703169,1489.601381,1491.133888
Malaysia,MYS,10607.76937,11297.59202,11963.26767,12785.83367,13579.71424,14508.46025,15533.75519,16231.79882,14650.2021,15161.4073,16089.86127,15762.77745,16199.73324,16723.92512,17439.76428,17951.3921,18535.05404,19278.42379,19792.2682,19110.75256,20171.88063,20900.32222,21690.45667,22350.90817,23328.34378,24151.25914,24859.79966,25935.1427,26835.8097,27674.40162,25830.97172,26333.15634
North America,NAC,39657.76168,39092.27142,39919.62705,40489.73151,41612.56891,42230.5623,43321.78148,44716.24218,46172.84537,47863.42727,49315.64501,49325.83649,49744.31415,50654.57631,52088.91544,53395.37115,54346.21329,54915.90207,54497.30722,52588.14906,53567.16329,54059.68759,54844.69645,55471.02822,56336.30187,57338.96726,57818.88791,58746.95762,60097.09853,61114.51276,58719.15719,62042.66163
Namibia,NAM,6223.452991,6510.012098,6758.102706,6439.251166,6346.298592,6401.022894,6426.379873,6526.79788,6575.763387,6635.539118,6713.002553,6655.750248,6855.83881,7046.147507,7812.861434,7914.732837,8373.482629,8714.103453,8826.273597,8726.681849,9115.506508,9431.044194,9747.819716,10122.15447,10554.56475,10813.22662,10627.63511,10335.26742,10266.17055,10009.57807,9048.183523,9137.797062
New Caledonia,NCL,,,,,,,,,,,,,,,,,,,,,,,,,,,,,,,,
Niger,NER,1077.911465,1040.363367,1028.655164,999.9226534,986.2578185,977.4825375,946.0726006,929.0134932,987.7097136,952.4995802,909.3170049,942.2681552,954.8762437,942.0054076,912.4657947,944.848197,965.3572525,960.0925565,997.0244404,979.6540294,1024.738365,1010.326995,1075.145982,1089.87314,1119.137212,1124.410076,1143.860701,1155.973559,1193.265616,1217.445986,1214.546556,1186.576809
Nigeria,NGA,3259.581175,3188.510313,3253.03392,3106.414826,2972.50495,2895.350589,2941.56133,2952.519247,2953.478034,2896.147909,2963.274098,3056.511285,3431.732861,3585.994603,3813.527421,3951.182819,4079.135654,4231.764157,4396.800555,4622.36354,4857.266271,4975.638201,5045.47172,5238.832672,5424.924511,5429.099621,5209.074155,5120.005598,5089.777634,5076.36829,4865.086832,4922.632452
Nicaragua,NIC,3409.775932,3325.091579,3262.629552,3178.364067,3214.452775,3334.790376,3479.694959,3555.970063,3629.692507,3827.125244,3927.061925,3989.18733,3968.637058,4019.714674,4183.608011,4308.015016,4425.971925,4586.271205,4676.905782,4457.933762,4586.873875,4805.402108,5042.803446,5214.528602,5385.498502,5563.004095,5734.355114,5915.375443,5636.639886,5348.987315,5181.727042,5638.747931
Netherlands,NLD,36461.41902,37057.58313,37405.92997,37613.25219,38494.21785,39498.13682,40691.89032,42235.48907,43933.56811,45839.13146,47422.2034,48160.78437,47958.33197,47806.88443,48586.70462,49467.43543,51097.36261,52909.96976,53848.25223,51607.60573,52032.9865,52594.22901,51860.05599,51640.07669,52186.99739,52974.11622,53847.82655,55088.6338,56060.91363,56784.03725,54275.00305,56617.35179
Norway,NOR,42136.60317,43229.91632,44517.43572,45512.39022,47541.76671,49260.96952,51476.19922,53903.43782,54989.70273,55713.75589,57127.382,58018.31143,58540.84544,58728.15699,60699.56658,61870.36456,62846.93868,64062.43931,63570.34148,61689.55854,61353.47733,61157.12993,61990.69236,61878.97518,62390.13031,62987.51629,63104.08078,64050.75617,64341.25868,64385.00599,63548.00082,65662.17439
Nepal,NPL,1554.602043,1611.359513,1631.230715,1649.008128,1741.309361,1760.444963,1815.312616,1868.7838,1888.287534,1935.691723,2020.855438,2084.199999,2055.722716,2107.640965,2179.093015,2230.78916,2285.512214,2346.259223,2473.941743,2572.17508,2682.698698,2763.828845,2886.097522,2982.287,3152.293261,3260.034998,3244.6743,3495.5288,3719.307775,3922.081331,3761.802788,3831.948395
Nauru,NRU,,,,,,,,,,,,,,,5343.428285,5190.043297,5689.844618,4400.851643,5391.421588,5887.298455,6536.332724,7160.599219,7851.375402,10015.12376,12390.3685,12567.81629,12729.86089,11746.62695,12209.94792,12000.61152,11958.17162,11947.39484
New Zealand,NZL,28031.99715,26415.00133,26427.35349,27797.71079,28834.72822,29757.47442,30349.20656,30567.51666,30539.10167,32035.04569,32772.58209,33708.70451,34676.79529,35546.09643,36432.49048,37219.80295,37828.18685,38611.98032,37860.11256,37432.83357,37583.11174,38137.49061,38780.60562,39521.07555,40353.10606,41020.31258,41620.34796,42218.53771,42862.07098,43110.37124,41642.02809,42915.45298
OECD members,OED,29517.63428,29654.13419,30024.21725,30151.83564,30824.22919,31378.98595,32131.87228,33040.53867,33751.06699,34587.63867,35757.91933,35967.52051,36266.10653,36741.12827,37695.99525,38503.17549,39434.66261,40206.8148,40090.57152,38440.00498,39375.86338,39991.98453,40285.5016,40654.33016,41247.88556,42015.41161,42528.5465,43383.66034,44167.44349,44701.92017,42548.16949,44827.18753
Oman,OMN,30462.20108,30766.71578,31842.55736,32354.73706,32635.17624,33650.86308,34090.80369,35574.1334,35967.32186,35573.59111,37392.24601,38568.31711,37683.41963,36256.34638,36170.67525,36388.44419,37662.51727,38659.35331,41114.23914,42875.11337,40819.93848,37745.45215,37270.58652,36330.47856,35032.25685,35188.02376,35229.95419,34218.38813,34212.10677,33814.11162,33098.2099,34294.76467
Other small states,OSS,,,,,,,,,,,13508.13245,13851.36563,14239.81176,14662.55529,15675.34806,16239.53616,17430.72809,18565.56072,19332.49684,19082.5291,20172.78643,21217.89467,21526.20009,21823.71374,22113.64935,22162.59804,22253.14429,22108.03215,22178.87278,22310.28225,20952.13346,21565.87659
Pakistan,PAK,3061.533388,3114.242099,3267.290688,3240.735549,3265.651279,3328.00192,3384.609986,3319.869472,3307.510088,3331.953041,3368.681897,3382.204838,3381.140813,3499.018602,3679.907116,3836.090287,3978.019327,4081.911885,4061.886507,4084.825373,4058.00862,4082.449488,4150.32564,4266.711418,4403.672612,4552.605654,4746.717558,4891.719774,5113.434292,5157.546572,5004.352242,5232.142773
Panama,PAN,10817.8448,11590.41481,12284.06433,12690.36223,12787.7866,12749.82399,13004.06766,13568.22507,14275.66726,14542.81141,14646.03354,14444.81423,14483.08454,14804.62455,15615.40054,16421.60757,17510.34895,19248.56034,20760.49126,20640.21574,21455.68315,23461.8736,25302.08078,26576.86404,27440.56698,28512.92482,29410.63507,30526.37985,31125.62424,31543.60606,25510.27345,29037.9452
Peru,PER,5240.257623,5244.144642,5110.73742,5271.981886,5804.999328,6116.438775,6171.955202,6453.021339,6315.015417,6303.456053,6375.616316,6329.41288,6596.550192,6799.449665,7067.355609,7443.931118,7938.434952,8548.604027,9262.151136,9298.078003,9996.937323,10539.98196,11084.87394,11620.64445,11773.94413,12015.18716,12321.31815,12442.74646,12696.23629,12735.16828,11176.91861,12514.65141
Philippines,PHL,4232.477595,4115.017154,4035.92811,4027.895301,4106.684634,4197.344963,4337.196413,4450.854615,4322.577124,4364.283542,4455.672463,4495.361049,4567.234468,4703.666421,4914.036235,5058.047487,5227.532997,5465.151824,5596.913045,5574.452609,5876.47814,5995.430982,6298.160086,6610.851222,6917.74915,7235.081401,7616.049769,8001.75648,8365.732451,8731.860869,7773.260231,8094.692994
Palau,PLW,,,,,,,,,,,13301.02368,14084.79361,14572.04035,14075.93552,14739.44885,15381.83497,15484.97912,16004.33905,15287.38205,14489.22246,14744.528,15988.72039,16522.46333,16089.20765,17110.48974,18402.52854,18364.48043,17594.68886,17587.08844,17605.48026,15952.25084,13785.39753
Papua New Guinea,PNG,2907.351413,3084.34379,3387.859273,3859.947186,3942.236685,3675.627219,3819.679753,3541.388356,3289.606794,3235.69774,3047.916838,2942.616584,2841.162545,2808.10859,2791.848616,2875.033574,2935.971094,3068.074048,2966.016769,3072.628616,3283.715047,3225.087477,3282.809015,3317.815964,3669.913135,3813.114293,3924.355919,3966.947432,3864.944521,3947.86549,3741.59672,3677.460213
Poland,POL,11259.43745,10432.45531,10662.08052,11032.55399,11591.99886,12398.52413,13146.75609,13985.43358,14629.19836,15311.44294,16177.86767,16385.99717,16727.33977,17324.21619,18198.10004,18844.55748,20012.62111,21437.45774,22334.78086,22951.78482,23692.90923,24874.17186,25258.59332,25490.32891,26488.20025,27667.68908,28497.10361,29958.12071,31739.25696,33159.74903,32546.82594,34915.52357
Pre-demographic dividend,PRE,2608.619521,2360.397295,2349.350692,2269.146052,2200.202089,2206.45531,2269.941537,2355.231144,2444.208789,2477.235999,2536.242824,2578.542987,2637.235561,2555.508813,2762.140422,2844.650338,2937.939496,3035.281781,3133.194065,3179.770338,3287.703557,3324.541832,3375.191512,3460.636129,3532.375349,3547.146461,3541.943367,3506.504625,3503.207531,3519.099838,3342.939189,3353.444885
Puerto Rico,PRI,21595.98399,21937.89761,22791.57065,23650.11459,24412.28195,25288.11258,25584.5658,26584.90667,27894.4491,29251.04467,30124.70069,31958.10478,32209.43108,32206.47298,35016.94713,34370.72325,34030.09907,33831.94268,33403.43289,32930.36984,32960.69939,33224.57387,33638.87414,33922.16695,34070.26215,34311.03825,34539.59552,34363.75463,34223.10136,34792.65549,32387.15938,32632.88249
"Korea, Dem. People's Rep.",PRK,,,,,,,,,,,,,,,,,,,,,,,,,,,,,,,,
Portugal,PRT,23556.85621,24642.59962,24930.45063,24391.19985,24560.35706,25523.70602,26318.97513,27354.83681,28525.51743,29472.70988,30383.13782,30756.01895,30823.84904,30422.60203,30892.81988,31076.64412,31524.74957,32251.5691,32307.91277,31269.41046,31798.15381,31304.81553,30156.70158,30042.89072,30444.60021,31118.79067,31847.53773,33044.71674,34040.72539,34945.66151,32011.32516,33674.5272
Paraguay,PRY,8818.629371,8888.478298,8808.78439,9013.589457,9262.535569,9661.068899,9588.724014,9774.315237,9572.053715,9248.593736,8862.143692,8640.302839,8515.946667,8773.13853,9022.79829,9113.411751,9451.760557,9865.326417,10403.84054,10272.17718,11281.25573,11613.16858,11376.4073,12150.97152,12616.41423,12806.09668,13163.74019,13604.17472,13848.49911,13609.72301,13317.32112,13687.65512
West Bank and Gaza,PSE,,,,,3951.205493,4047.128488,3916.925775,4294.746098,4786.480236,5052.064072,4503.248849,3980.933349,3395.855028,3774.132393,4485.525458,4866.028474,4695.994727,4750.929692,4965.37295,5250.116075,5411.066482,5782.689593,5985.683247,6118.257181,5967.073437,6048.976597,6438.93364,6401.740891,6318.210068,6245.448697,5402.538773,5643.072243
Pacific island small states,PSS,5140.298479,5026.805955,5244.990598,5315.953642,5502.8653,5645.17301,5780.257795,5608.064359,5606.846033,5864.695971,5687.529117,5692.848605,5762.316228,5788.224582,5968.770771,6011.321568,6065.243015,5986.649569,6018.714419,5905.739686,6048.253508,6190.42292,6185.233673,6347.749638,6548.225902,6734.427071,6880.899354,7104.110889,7248.462665,7208.542965,6243.489243,5902.748811
Post-demographic dividend,PST,32142.94974,32275.93403,32593.28089,32623.15307,33291.61715,33955.39087,34705.48335,35639.42692,36410.2437,37477.96634,38807.04785,39249.92243,39672.21771,40286.13506,41394.89437,42318.6477,43361.21952,44259.82881,44178.56567,42363.8833,43417.51101,44029.7584,44317.83639,44700.22011,45280.05739,45978.95083,46578.62983,47519.68534,48415.60159,49097.35453,46666.10384,49079.31119
French Polynesia,PYF,,,,,,,,,,,,,,,,,,,,,,,,,,,,,,,,
Qatar,QAT,,,,,,,,,,,79400.43341,78498.13455,80083.06105,79140.62933,90782.72158,89448.04733,94361.62651,91736.75196,92067.81203,92450.24938,103902.5193,111879.7478,110931.5065,109625.6296,106141.3262,101971.9896,97783.12052,92177.59594,91461.61645,90840.42907,89019.06986,92862.35131
Romania,ROU,13378.49075,11751.8748,10818.86531,10999.22863,11448.3434,12186.60808,12699.36236,12118.40077,11897.01892,11870.82756,12178.75389,12994.32529,13989.15387,14420.29454,16015.05123,16866.49241,18328.9313,19947.31146,22170.28152,21122.29617,20419.18766,21446.77053,21957.15055,22098.33097,23095.2788,23937.46051,24763.13419,26948.15905,28741.22644,30006.33515,29062.4734,30776.93062
Russian Federation,RUS,21482.74805,20340.13281,17367.64063,15870.60547,13880.46484,13308.20508,12827.11621,13028.20801,12358.15234,13189.79395,14569.93652,15378.08984,16175.09766,17434.80859,18765.51953,20042.81445,21757.46484,23647.26563,24887.85352,22939.69336,23961.2207,24972.07813,25933.29297,26332.39648,26057.15625,25488.0957,25490.70898,25926.44336,26656.41016,27254.57422,26583.79688,27960.10156
Rwanda,RWA,932.6575602,889.0788628,920.2063992,819.110584,478.468201,765.982333,731.3328581,729.316258,769.0556359,793.0113231,848.7543235,908.0087808,1009.580549,1008.249746,1055.75658,1124.770916,1196.247827,1253.340988,1356.365089,1403.558692,1467.736295,1544.409801,1637.100848,1674.060922,1735.54545,1844.716896,1907.68168,1934.972955,2050.440869,2191.401609,2067.641708,2238.957323
South Asia,SAS,1963.035844,1960.607024,2029.029841,2069.852914,2145.293065,2243.729341,2345.867686,2384.15956,2464.726737,2598.935653,2653.669911,2719.163414,2763.369564,2909.043973,3073.07114,3249.629785,3441.634883,3635.543332,3699.772143,3898.871203,4127.931343,4275.286676,4446.00169,4651.384675,4909.901981,5205.71255,5537.572782,5827.134159,6123.98525,6287.860181,5896.236736,6299.594786
Saudi Arabia,SAU,41984.82769,46402.72271,46502.13156,44415.54646,43396.64384,42288.40463,42237.76448,41572.90021,41659.58214,39066.92702,40234.81754,38778.47733,36789.9202,39993.47592,42243.96918,43253.48581,42733.88656,41846.28121,42780.683,40360.40092,41056.54734,44053.99652,45427.57353,45674.32478,46394.90401,47379.3563,47210.23197,45795.51353,45840.84171,44954.99119,42891.68706,44339.31263
Sudan,SDN,2756.530029,2909.616211,3052.743164,3140.025146,3095.871582,3195.899414,3303.667969,3811.521729,3887.140381,3911.600586,4040.612061,4183.432617,4316.291504,4467.12207,4571.087891,4692.173828,4847.587891,4964.306641,4993.871094,4707.346191,4745.297363,5047.333984,4711.05957,4692.277832,4776.620117,4718.918945,4733.017578,4613.950195,4349.209961,4133.130371,3874.800293,3701.069092
Senegal,SEN,2469.603188,2463.923635,2427.510861,2393.876688,2330.07188,2396.094361,2386.241714,2402.380875,2486.402663,2582.120644,2620.097976,2668.765912,2606.877313,2685.815199,2741.124078,2787.526892,2779.223781,2783.537197,2811.475802,2812.549073,2830.153244,2790.89741,2824.532853,2815.281525,2910.288864,3012.383374,3118.423494,3259.19258,3368.858596,3430.483882,3383.888453,3495.4036
Singapore,SGP,37289.7517,38667.75058,40014.82606,43486.23422,46819.52299,48677.58748,50230.88207,52611.78908,49740.24464,52166.02258,55904.2336,53833.72753,55437.55789,58819.95605,63862.12344,66973.54566,70756.44143,73992.12378,71464.9282,69430.48467,78115.21181,81258.0849,82805.61445,85400.72514,87616.63753,89160.72716,91146.09585,95310.33386,98336.95649,98283.30891,94505.63616,106032.2248
Solomon Islands,SLB,2192.065027,2255.534201,2468.340073,2493.342595,2618.260905,2800.326844,2765.221637,2664.16817,2625.218222,2543.395695,2125.770506,1910.349622,1814.162592,1888.697934,1988.250487,2087.201042,2125.366594,2153.881638,2237.513132,2250.008387,2411.070957,2527.870883,2526.146795,2591.802584,2556.727122,2534.725723,2609.744722,2625.089026,2633.288475,2616.863043,2469.107611,2406.113602
Sierra Leone,SLE,1451.254038,1467.479884,1209.633718,1227.938397,1198.650374,1100.416102,1113.734598,1034.558432,1042.389357,1016.010723,1057.855661,935.0386038,1116.966453,1172.89109,1209.058818,1230.178719,1254.236774,1325.778686,1362.546101,1368.030756,1401.574125,1450.493543,1627.339958,1914.737974,1952.692192,1513.562017,1566.843125,1593.483529,1610.161923,1655.68517,1586.196039,1614.698071
El Salvador,SLV,5191.971457,5178.945921,5451.631123,5688.114796,5890.09836,6109.746135,6107.32149,6249.915865,6369.409132,6464.531688,6499.450723,6524.196242,6601.262946,6687.273281,6736.906704,6916.693662,7221.499524,7343.910728,7470.751379,7287.175916,7412.977803,7665.94806,7851.701744,7995.63291,8100.975306,8266.722579,8450.25088,8617.921708,8812.200938,9021.426022,8267.251024,9086.047098
San Marino,SMR,,,,,,,,66407.51392,70264.44711,75441.83877,75881.84844,78614.20269,77070.97423,78286.90164,80463.89511,81256.14428,83098.24963,87795.66454,86422.54814,76607.08569,71156.09799,63458.81555,57854.31833,57136.90454,56558.87186,57542.98408,58432.50237,58201.5271,58898.05808,60076.01134,56364.21416,
Somalia,SOM,,,,,,,,,,,,,,,,,,,,,,,,889.166677,925.5770667,1029.699218,1076.198333,1059.143932,1098.492832,1138.285937,1127.418534,1136.735989
Serbia,SRB,,,,,,7753.586898,8247.458002,8866.667436,9197.709178,8361.112821,8902.199973,9530.936302,10148.3958,10616.24353,11601.7375,12280.19201,12958.291,13848.78084,14694.4313,14350.44521,14513.5817,14926.49449,14896.88347,15402.56169,15229.06765,15581.01382,16185.74175,16614.01419,17455.94512,18310.08097,18265.9676,19831.29752
Sub-Saharan Africa (excluding high income),SSA,2929.145598,2865.493844,2784.12299,2692.867335,2651.445963,2675.222686,2739.610814,2784.704189,2782.42217,2774.81238,2797.653573,2841.556625,2934.793014,2977.307737,3089.763256,3191.024836,3297.079025,3407.538046,3489.355759,3491.990484,3597.720397,3654.750802,3683.049017,3763.065085,3841.546591,3851.20541,3810.875422,3811.549431,3820.352124,3824.222105,3655.418752,3714.883228
South Sudan,SSD,,,,,,,,,,,,,,,,,,,,,,,,,,,,,,,,
Sub-Saharan Africa,SSF,2930.751542,2867.114893,2785.852495,2694.684534,2653.19553,2676.901012,2741.328783,2786.611366,2784.460967,2776.836775,2799.654292,2843.446551,2936.63748,2978.974725,3091.317009,3192.691549,3298.867558,3409.483181,3491.181527,3493.740357,3599.524129,3656.677023,3684.944544,3765.027374,3843.544831,3853.270869,3813.012236,3813.735909,3822.556414,3826.442684,3657.400912,3716.984459
Small states,SST,,,,,,,,12071.0915,12245.72251,12436.22755,12813.03825,13102.91355,13470.59909,13929.27183,14775.38805,15276.47962,16344.53044,17272.7506,17878.7616,17579.05246,18434.51978,19254.94241,19577.77971,19862.40466,20159.52846,20214.51427,20236.43142,20128.95089,20217.73087,20344.75223,19024.90875,19599.85447
Sao Tome and Principe,STP,,,,,,,,,,,,2558.983482,2581.723642,2724.493824,2750.49462,2860.188906,3037.775596,3072.023476,3185.372845,3187.12226,3324.916347,3398.275914,3433.443512,3527.564254,3687.440493,3762.569777,3852.084156,3934.8942,3987.383653,4013.721897,4058.673981,4052.123362
Suriname,SUR,13633.75079,13893.3089,13831.17875,12817.29402,13123.42446,12883.54267,12738.42975,13195.37047,13239.7907,12812.77318,12848.60664,13157.61806,13300.30016,13910.50549,14892.12177,15391.9994,16102.72552,16735.92449,17233.76481,17554.26579,18255.62582,19111.17257,19415.57761,19778.30641,19629.22325,18768.79489,17662.68212,17753.06027,18438.34667,18449.19921,15329.17911,14766.748
Slovak Republic,SVK,,,11663.99233,11840.47926,12525.78809,13218.99212,14064.27393,14870.21964,15455.60109,15423.4831,15624.53977,16162.48081,16897.4604,17838.40342,18783.8958,20026.07538,21725.92657,24072.26027,25392.47668,23975.21175,25561.70629,26210.75818,26511.26994,26650.36401,27342.62726,28728.15601,29248.88458,30061.55147,31229.86327,31973.46163,30867.9724,31866.02508
Slovenia,SVN,,,,,,21480.32798,22182.21169,23333.71968,24151.53898,25421.2949,26276.94456,27079.4749,27994.06198,28805.38512,30041.81457,31128.82984,32812.73849,34907.36883,36075.46697,33052.22754,33350.61359,33568.06735,32613.49053,32234.02576,33093.75044,33799.72553,34853.04212,36507.55304,37995.71638,39034.23325,37098.11934,40036.48544
Sweden,SWE,34156.8203,33536.01491,32953.61829,32086.01264,33110.82558,34233.70278,34719.11075,35764.68476,37286.09539,38839.42627,40625.36205,41103.72646,41870.25916,42678.28414,44354.39106,45440.29675,47292.31369,48557.38435,47963.49375,45492.76817,47791.37152,48947.43931,48300.8425,48462.16,49258.99616,50928.96298,51334.43203,51947.95425,52349.29243,52850.56918,51331.28222,53613.42173
Eswatini,SWZ,4909.266306,4795.22856,4760.247515,4762.497608,4875.368031,5111.515255,5198.788016,5267.327118,5326.936048,5412.978006,5443.439357,5443.278939,5630.804077,5805.161843,5976.211802,6298.531144,6639.718442,6894.087577,6913.348429,6989.37791,7221.335964,7347.204589,7701.393989,7949.587934,7969.207713,8088.734481,8113.239607,8213.920625,8342.997666,8501.266335,8290.409451,8856.828974
Sint Maarten (Dutch part),SXM,,,,,,,,,,,,,,,,,,,,41969.40438,43543.89042,46392.86946,45401.70305,43523.53646,42946.6852,41852.40477,40857.77089,37914.12297,35133.83144,,,
Seychelles,SYC,14884.88778,15093.39094,16100.24252,16745.32523,16174.60486,15806.95438,16342.71841,18084.10331,19224.11877,19203.08061,19320.64089,18865.32806,18519.1854,17627.26854,17188.34816,18649.68392,19983.75997,21953.98973,21007.58007,20694.00466,21322.5387,23617.02906,23681.34689,24647.07807,25359.84646,26198.7213,27234.41323,28116.71049,28740.54985,29369.52873,26879.77004,28760.51625
Syrian Arab Republic,SYR,,,,,,,,,,,,,,,,,,,,,,,,,,,,,,,,
Turks and Caicos Islands,TCA,,,,,,,,,,,,,,,,,,,,,,25731.28325,24476.34178,23624.28768,24661.14505,26284.72199,26931.72803,25207.83169,25567.91807,25933.51121,18474.86599,18512.45743
Chad,TCD,1027.244423,1075.184087,1113.2217,917.1848611,987.9856134,957.24651,936.1237064,955.7834783,987.9828784,947.7035475,907.8335136,980.4697626,1027.669985,1133.065467,1448.40999,1632.954234,1586.364105,1583.700228,1576.765197,1586.45444,1741.053998,1682.657746,1769.32492,1804.823133,1861.692904,1853.259365,1683.478088,1579.7606,1563.543933,1561.996673,1489.186712,1425.494512
East Asia & Pacific (IDA & IBRD countries),TEA,2218.03149,2350.516883,2550.731517,2775.055517,3015.333774,3259.565513,3499.876197,3684.752706,3666.469027,3836.000683,4073.299292,4293.448045,4577.268346,4920.498121,5301.609752,5747.474855,6287.199072,6962.210679,7469.735247,7954.255843,8647.964831,9283.357414,9886.201791,10492.82792,11108.39098,11738.62323,12400.29891,13113.37684,13862.32299,14568.87456,14618.10703,15549.27745
Europe & Central Asia (IDA & IBRD countries),TEC,14991.97192,14043.29422,12590.74387,11838.78071,10652.08599,10508.27412,10517.94878,10765.40923,10657.20463,10924.27548,11749.11173,12117.71976,12739.04905,13550.98571,14631.5342,15568.78632,16776.64293,18045.704,18806.20762,17742.49342,18474.10762,19450.39595,20004.4295,20523.56139,20768.23219,20831.23133,21081.78159,21850.3504,22567.61347,23092.1773,22648.64348,24165.14728
Togo,TGO,1740.310286,1678.640167,1566.283578,1338.913653,1534.166116,1582.255442,1657.645708,1835.422218,1741.727633,1733.748999,1672.045786,1640.800162,1659.683762,1725.650257,1664.481078,1546.143996,1543.175507,1481.34006,1498.17614,1537.617907,1588.398241,1645.747963,1708.387292,1766.995083,1824.835573,1881.905111,1937.742551,1972.697196,2020.965561,2080.524243,2066.970716,2124.804227
Thailand,THA,7273.059105,7772.857682,8277.353327,8830.575053,9401.065289,10025.08794,10453.38943,10035.86995,9156.214446,9467.921239,9791.895971,10036.32947,10558.46749,11220.6833,11828.83904,12228.6609,12739.73772,13330.20888,13459.24652,13270.61761,14172.21806,14199.27952,15129.90093,15442.38009,15509.1811,15919.36986,16393.31474,17008.03842,17669.04558,18003.67145,16848.58432,17077.04388
Tajikistan,TJK,3990.900602,3615.166072,2521.432686,2085.209104,1616.69052,1389.108231,1134.230991,1137.933798,1190.656305,1228.170217,1312.712226,1407.99753,1528.356926,1663.236388,1799.831077,1884.960751,1980.249775,2095.814407,2219.322609,2261.426805,2360.014957,2481.571951,2610.166594,2741.224681,2858.235425,2959.994138,3091.227281,3236.439344,3405.090756,3575.279713,3651.942107,3903.320007
Turkmenistan,TKM,7137.60372,6628.058451,5485.974763,5422.792258,4374.696308,3969.826034,4162.464492,3635.055088,3833.541317,4397.054575,4568.46055,4699.069592,4647.115,4738.496326,4912.672869,5477.99851,5995.361318,6564.504208,7418.481359,7748.143407,8321.2196,9379.143876,10233.40019,11071.51711,11989.65376,12540.28388,13086.01341,13703.51272,14321.13957,14992.60396,,
Latin America & the Caribbean (IDA & IBRD countries),TLA,10550.19397,10703.21512,10809.97448,11085.30148,11483.71505,11353.56333,11625.36109,12050.14296,12179.9285,12045.50897,12289.09394,12147.45204,12045.94187,12196.71719,12691.82071,13043.00526,13552.25414,14112.06992,14483.60391,14027.67456,14794.20964,15306.16009,15548.13525,15836.76331,15919.57565,15865.85083,15715.33708,15872.30506,16006.95533,15985.14675,14800.9729,15703.69987
Timor-Leste,TLS,,,,,,,,,,,2314.809994,2649.071782,2426.358743,2329.660696,2291.33877,2303.013572,2152.080516,2315.209685,2520.293628,2717.436486,2908.32792,3013.742869,3091.558331,3121.958043,3197.499977,3228.675082,3286.794568,3138.438745,3070.808519,3737.796428,4856.518087,5032.41
Middle East & North Africa (IDA & IBRD countries),TMN,6837.935692,6667.320989,6807.534577,6760.310047,6721.2083,6768.307439,7056.450191,7160.729265,7449.510423,7641.055909,7953.46524,8019.677594,8154.661322,8245.111202,8667.087306,8873.640054,9166.823234,9571.447564,9728.227053,9775.595515,10078.48302,9846.209936,10049.83209,9918.501987,10038.72704,10039.07397,10430.43997,10610.85157,10609.76699,10539.44199,10164.81739,10478.91792
Tonga,TON,3625.436797,3846.979337,3846.959227,3981.454855,4168.623375,4465.192742,4535.922605,4570.298035,4651.019436,4793.38938,4806.113082,4956.965253,5167.539052,5256.123348,5098.843355,5074.134952,5040.017119,5032.449205,5257.005563,4973.82716,5002.632287,5332.403592,5381.745962,5419.37367,5552.782082,5644.535083,6039.053796,6256.981273,6287.881802,6344.311474,6356.959721,6142.857054
South Asia (IDA & IBRD),TSA,1963.035844,1960.607024,2029.029841,2069.852914,2145.293065,2243.729341,2345.867686,2384.15956,2464.726737,2598.935653,2653.669911,2719.163414,2763.369564,2909.043973,3073.07114,3249.629785,3441.634883,3635.543332,3699.772143,3898.871203,4127.931343,4275.286676,4446.00169,4651.384675,4909.901981,5205.71255,5537.572782,5827.134159,6123.98525,6287.860181,5896.236736,6299.594786
Sub-Saharan Africa (IDA & IBRD countries),TSS,2930.751542,2867.114893,2785.852495,2694.684534,2653.19553,2676.901012,2741.328783,2786.611366,2784.460967,2776.836775,2799.654292,2843.446551,2936.63748,2978.974725,3091.317009,3192.691549,3298.867558,3409.483181,3491.181527,3493.740357,3599.524129,3656.677023,3684.944544,3765.027374,3843.544831,3853.270869,3813.012236,3813.735909,3822.556414,3826.442684,3657.400912,3716.984459
Trinidad and Tobago,TTO,9766.817893,9994.210162,10923.51109,10779.37961,11100.25623,11466.52069,12232.10778,13105.04712,14122.62361,15204.30979,16190.90304,16785.63888,18018.29615,20504.7797,22010.94133,23242.63964,26162.64443,27249.29882,28012.87316,26622.29383,27329.42469,27062.38401,28642.33543,29529.57688,30301.93488,29876.98073,27682.4454,26213.92451,25534.84052,25306.61796,23391.31621,23037.1433
Tunisia,TUN,5659.907417,5756.208561,6078.848733,6091.123723,6170.643194,6213.171625,6560.849164,6825.61354,7064.036983,7406.841741,7673.193763,7883.365406,7908.944086,8200.239814,8628.278601,8846.490169,9225.849745,9754.755047,10072.95061,10279.30199,10477.304,10134.99684,10428.2714,10562.66241,10766.49697,10749.49057,10750.71377,10874.94689,11042.96135,11100.82029,10050.04586,10397.94394
Turkiye,TUR,12535.91964,12398.65636,12796.12732,13536.22095,12679.87481,13449.27563,14205.06679,15036.17699,15158.99951,14445.38574,15223.35169,14136.6706,14839.13058,15488.11021,16775.0792,18038.81293,19043.62228,19757.82031,19680.94001,18497.00906,19790.0686,21716.26515,22422.53645,23912.73207,24600.51821,25594.65969,25996.96626,27582.83235,28157.97792,28150.05895,28473.20586,31466.55992
Tuvalu,TUV,2703.246916,2749.310639,2792.548698,2891.761792,3175.123427,3008.044635,2821.071871,3097.147263,3575.757616,3517.649455,3484.230025,3490.386548,3827.578344,3638.819264,3511.444879,3307.249914,3348.056728,3545.142623,3736.204826,3456.922798,3334.607075,3512.032537,3388.538816,3515.139767,3521.267637,3895.930417,4125.937951,4208.92376,4268.179872,4816.55321,4839.615575,4924.027175
Tanzania,TZA,1338.980957,1332.002441,1306.362427,1280.946411,1251.470093,1255.439087,1288.103271,1306.535156,1320.163818,1348.377075,1370.007935,1414.260498,1475.552612,1532.759521,1603.746094,1676.595215,1736.774902,1803.10791,1854.424438,1903.961548,1972.981079,2064.710693,2095.874512,2171.442139,2246.560791,2306.638184,2380.931396,2458.342773,2510.966309,2577.665771,2551.206299,2581.699707
Uganda,UGA,901.6608095,921.0850516,920.6515301,963.4375666,991.4082931,1075.935648,1142.13602,1165.961641,1187.296649,1242.051887,1241.532866,1266.727361,1335.195277,1377.952034,1428.848711,1475.81165,1588.002255,1671.82175,1764.993116,1830.871667,1878.520918,1996.065577,2013.546341,2026.622839,2067.795417,2108.860258,2137.207278,2128.396869,2186.907147,2250.014922,2240.490237,2246.414111
Ukraine,UKR,16428.48047,14967.7334,13447.16406,11531.29883,8934.775391,7906.957031,7179.677734,7028.046387,6956.398926,7008.243652,7496.812988,8242.703125,8765.682617,9678.086914,10902.03809,11319.51074,12259.1582,13345.77148,13719.27148,11694.44824,12221.44043,12933.35645,12985.08691,13020.60059,12385.81348,11216.11816,11536.31641,11860.56055,12336.92676,12804.95508,12407.79004,12943.61426
Upper middle income,UMC,5967.591852,5902.52415,5799.090348,5902.843467,5961.395953,6061.685642,6275.304647,6540.639842,6623.956747,6790.185404,7166.796711,7342.612906,7617.055632,7996.58383,8570.362564,9136.899923,9845.701855,10672.20006,11239.05257,11333.17938,12156.75317,12849.57734,13476.77675,14056.59153,14538.02881,14978.60125,15443.41578,16094.10631,16737.37855,17273.33342,17017.12266,18192.87263
Uruguay,URY,11039.80741,11363.54358,12193.45889,12446.40831,13276.4996,13009.45251,13657.07446,14740.2168,15323.13811,14951.38615,14603.77322,14005.31109,12900.9162,12990.02934,13625.25725,14624.66661,15202.91288,16166.42114,17287.72465,17978.05536,19331.8489,20275.44106,20933.68861,21839.40844,22477.06013,22486.42854,22793.07089,23106.99819,23184.62475,23256.59787,21828.6403,22800.6897
United States,USA,40456.24091,39876.01745,40712.06312,41284.35608,42424.16856,43047.26006,44154.54716,45566.26167,47056.5113,48749.59753,50175.73824,50155.70822,50535.2736,51503.77224,52995.24309,54338.02814,55314.20338,55892.19816,55433.67651,53521.20584,54516.85638,54960.90673,55803.51351,56438.94385,57308.31842,58427.55224,58972.90061,59914.7778,61355.64904,62478.25395,60167.8568,63669.7104
Uzbekistan,UZB,3638.87684,3544.586094,3074.658821,2936.448128,2729.637776,2656.632634,2650.609599,2736.364944,2808.46101,2897.820036,2967.60191,3052.281504,3134.961174,3229.847924,3430.628559,3626.620824,3849.594381,4154.702578,4457.699221,4735.99522,4953.961368,5185.68462,5472.833507,5781.15657,6075.192224,6401.115168,6663.949614,6840.70986,7082.925493,7348.146883,7344.220326,7734.832414
St. Vincent and the Grenadines,VCT,6499.776354,6556.508167,6947.450372,7217.333538,7107.08449,7643.637931,7734.223344,8006.300276,8341.8763,8580.74442,8735.332052,8901.498234,9392.814379,10051.62026,10511.68161,10827.59728,11649.24253,12101.83366,12206.75649,12090.69361,11606.39756,11600.23589,11803.17643,12165.07387,12366.37409,12762.1346,13356.80961,13633.04812,14084.93864,14189.96035,13473.59453,13695.03922
"Venezuela, RB",VEN,,,,,,,,,,,,,,,,,,,,,,,,,,,,,,,,
British Virgin Islands,VGB,,,,,,,,,,,,,,,,,,,,,,,,,,,,,,,,
Virgin Islands (U.S.),VIR,,,,,,,,,,,,,,,,,,,,,,,,,,,,,,,,
Vietnam,VNM,2099.394649,2177.473744,2317.266668,2455.508783,2623.720022,2825.016443,3039.938041,3239.681646,3378.904834,3495.097968,3690.868166,3879.338958,4082.373428,4319.374014,4597.757257,4895.346659,5186.432065,5503.07242,5757.923916,6006.580149,6324.525636,6658.667124,6950.287692,7257.729273,7641.909252,8091.090101,8545.702594,9050.688534,9636.012495,10252.00462,10450.62238,10628.21917
Vanuatu,VUT,2774.090262,2791.185894,2792.947205,2744.755195,2921.901021,2881.144069,2878.979072,2950.054043,2916.024706,2858.049336,2954.218203,2782.005418,2570.959006,2614.806863,2652.968633,2726.837102,2887.3502,2899.856112,2988.884897,3005.954026,2972.31722,2994.385285,2953.878632,2897.51406,2917.6273,2859.349711,2921.75776,3031.190628,3045.042634,3070.350828,2836.813515,2783.019554
World,WLD,9697.50789,9667.699978,9665.209961,9670.07775,9791.422448,9949.667491,10175.51119,10418.80147,10526.85351,10749.0061,11108.32433,11215.04009,11367.63852,11637.82835,12074.20577,12463.1407,12933.73653,13428.61666,13622.65546,13359.55804,13868.40577,14230.71886,14504.98903,14789.62167,15112.6529,15433.17972,15750.08353,16156.35322,16558.99863,16847.46097,16175.77609,16997.13485
Samoa,WSM,3655.8885,3560.898834,3530.797101,3642.034533,3513.670226,3709.693084,3935.263618,3919.98956,3965.121474,4011.172335,4174.295429,4446.00664,4669.607206,4891.785477,5025.834975,5343.797769,5436.033541,5430.935034,5585.678951,5515.477235,5808.303908,5980.291452,5705.579246,5659.851449,5645.865578,5811.005004,6214.714967,6238.795875,6139.522728,6346.146335,6062.366648,5534.126958
Kosovo,XKX,,,,,,,,,,,,,,,,,,,7032.452297,7327.439197,7627.89143,8040.593814,8105.374932,8486.565497,8796.62962,9445.105476,10031.04417,10436.16885,10755.16754,11318.46225,10706.51398,11884.17992
"Yemen, Rep.",YEM,,,,,,,,,,,,,,,,,,,,,,,,,,,,,,,,
South Africa,ZAF,10391.96414,10026.32586,9612.392873,9555.986762,9692.535766,9829.861949,10097.47344,10217.38021,10141.46259,10270.06351,10598.86067,10789.05116,11086.9237,11308.88321,11713.88035,12216.02764,12776.87794,13325.98283,13596.28769,13228.89479,13469.36113,13721.68513,13864.97096,14017.41101,13993.27014,13887.21122,13844.27596,13950.45348,13990.31489,13852.20597,12815.90959,13311.9257
Zambia,ZMB,2290.039226,2232.837441,2141.504615,2232.710379,1991.185925,1999.356842,2071.708828,2096.294593,2034.897183,2074.453663,2096.490412,2142.787524,2171.931179,2252.115135,2335.06991,2422.434955,2525.097744,2641.031564,2746.490482,2894.963997,3083.355321,3146.844553,3275.968378,3330.876903,3375.94127,3365.379259,3384.268144,3395.479686,3425.948936,3372.35898,3183.650773,3236.788981
Zimbabwe,ZWE,2704.757299,2781.787844,2468.278257,2458.783255,2670.106615,2641.378271,2867.026043,2896.147308,2931.725144,2866.032886,2750.601236,2772.325234,2510.228923,2067.880375,1934.164643,1814.174381,1736.358333,1656.78918,1353.207369,1500.379785,1799.540233,2033.181375,2310.807217,2333.644532,2316.954536,2313.878553,2286.623549,2331.780833,2399.621551,2203.39681,1990.319419,2115.144555
